Dataset Name,Image Name,Characteristics [Organism],Term Source 1 REF,Term Source 1 Accession,Characteristics [Cell Line],Term Source 2 REF,Term Source 2 Accession,Comment [Cell Line],Assay Name,Source Name,Image File,Comment [Image File Path],Comment [Image File Type],Channels,Processed Data File
Fibroblasts_01,pgp1_fov01_seq,Homo sapiens,NCBITaxon,NCBITaxon_9606,GM23248,EFO,EFO_0005723,PGP1f (Coriell GM23248) ,In situ genome sequencing,pgp1_fov01_seq,pgp1_fov01_seq.nd2,in_situ_genome_sequencing/pgp1/pgp1_fov01,raw,"Channel 1 (Cy5): dibases AT, CG, GC and TA; Channel 2 (FITC): dibases AA, CC, GG and TT; Channel 3 (Cy3): dibases AC, CA, GT and TG; Channel 4 (TxRed): dibases AG, CT, GA and TC",pgp1_fov01_data_table.csv
Fibroblasts_02,pgp1_fov02_seq,Homo sapiens,NCBITaxon,NCBITaxon_9606,GM23248,EFO,EFO_0005723,PGP1f (Coriell GM23248) ,In situ genome sequencing,pgp1_fov02_seq,pgp1_fov02_seq.nd2,in_situ_genome_sequencing/pgp1/pgp1_fov02,raw,"Channel 1 (Cy5): dibases AT, CG, GC and TA; Channel 2 (FITC): dibases AA, CC, GG and TT; Channel 3 (Cy3): dibases AC, CA, GT and TG; Channel 4 (TxRed): dibases AG, CT, GA and TC",pgp1_fov02_data_table.csv
Fibroblasts_03,pgp1_fov03_seq,Homo sapiens,NCBITaxon,NCBITaxon_9606,GM23248,EFO,EFO_0005723,PGP1f (Coriell GM23248) ,In situ genome sequencing,pgp1_fov03_seq,pgp1_fov03_seq.nd2,in_situ_genome_sequencing/pgp1/pgp1_fov03,raw,"Channel 1 (Cy5): dibases AT, CG, GC and TA; Channel 2 (FITC): dibases AA, CC, GG and TT; Channel 3 (Cy3): dibases AC, CA, GT and TG; Channel 4 (TxRed): dibases AG, CT, GA and TC",pgp1_fov03_data_table.csv
Fibroblasts_04,pgp1_fov04_seq,Homo sapiens,NCBITaxon,NCBITaxon_9606,GM23248,EFO,EFO_0005723,PGP1f (Coriell GM23248) ,In situ genome sequencing,pgp1_fov04_seq,pgp1_fov04_seq.nd2,in_situ_genome_sequencing/pgp1/pgp1_fov04,raw,"Channel 1 (Cy5): dibases AT, CG, GC and TA; Channel 2 (FITC): dibases AA, CC, GG and TT; Channel 3 (Cy3): dibases AC, CA, GT and TG; Channel 4 (TxRed): dibases AG, CT, GA and TC",pgp1_fov04_data_table.csv
Fibroblasts_05,pgp1_fov05_seq,Homo sapiens,NCBITaxon,NCBITaxon_9606,GM23248,EFO,EFO_0005723,PGP1f (Coriell GM23248) ,In situ genome sequencing,pgp1_fov05_seq,pgp1_fov05_seq.nd2,in_situ_genome_sequencing/pgp1/pgp1_fov05,raw,"Channel 1 (Cy5): dibases AT, CG, GC and TA; Channel 2 (FITC): dibases AA, CC, GG and TT; Channel 3 (Cy3): dibases AC, CA, GT and TG; Channel 4 (TxRed): dibases AG, CT, GA and TC",pgp1_fov05_data_table.csv
Fibroblasts_06,pgp1_fov06_seq,Homo sapiens,NCBITaxon,NCBITaxon_9606,GM23248,EFO,EFO_0005723,PGP1f (Coriell GM23248) ,In situ genome sequencing,pgp1_fov06_seq,pgp1_fov06_seq.nd2,in_situ_genome_sequencing/pgp1/pgp1_fov06,raw,"Channel 1 (Cy5): dibases AT, CG, GC and TA; Channel 2 (FITC): dibases AA, CC, GG and TT; Channel 3 (Cy3): dibases AC, CA, GT and TG; Channel 4 (TxRed): dibases AG, CT, GA and TC",pgp1_fov06_data_table.csv
Fibroblasts_07,pgp1_fov07_seq,Homo sapiens,NCBITaxon,NCBITaxon_9606,GM23248,EFO,EFO_0005723,PGP1f (Coriell GM23248) ,In situ genome sequencing,pgp1_fov07_seq,pgp1_fov07_seq.nd2,in_situ_genome_sequencing/pgp1/pgp1_fov07,raw,"Channel 1 (Cy5): dibases AT, CG, GC and TA; Channel 2 (FITC): dibases AA, CC, GG and TT; Channel 3 (Cy3): dibases AC, CA, GT and TG; Channel 4 (TxRed): dibases AG, CT, GA and TC",pgp1_fov07_data_table.csv
Fibroblasts_08,pgp1_fov08_seq,Homo sapiens,NCBITaxon,NCBITaxon_9606,GM23248,EFO,EFO_0005723,PGP1f (Coriell GM23248) ,In situ genome sequencing,pgp1_fov08_seq,pgp1_fov08_seq.nd2,in_situ_genome_sequencing/pgp1/pgp1_fov08,raw,"Channel 1 (Cy5): dibases AT, CG, GC and TA; Channel 2 (FITC): dibases AA, CC, GG and TT; Channel 3 (Cy3): dibases AC, CA, GT and TG; Channel 4 (TxRed): dibases AG, CT, GA and TC",pgp1_fov08_data_table.csv
Fibroblasts_09,pgp1_fov09_seq,Homo sapiens,NCBITaxon,NCBITaxon_9606,GM23248,EFO,EFO_0005723,PGP1f (Coriell GM23248) ,In situ genome sequencing,pgp1_fov09_seq,pgp1_fov09_seq.nd2,in_situ_genome_sequencing/pgp1/pgp1_fov09,raw,"Channel 1 (Cy5): dibases AT, CG, GC and TA; Channel 2 (FITC): dibases AA, CC, GG and TT; Channel 3 (Cy3): dibases AC, CA, GT and TG; Channel 4 (TxRed): dibases AG, CT, GA and TC",pgp1_fov09_data_table.csv
Fibroblasts_10,pgp1_fov10_seq,Homo sapiens,NCBITaxon,NCBITaxon_9606,GM23248,EFO,EFO_0005723,PGP1f (Coriell GM23248) ,In situ genome sequencing,pgp1_fov10_seq,pgp1_fov10_seq.nd2,in_situ_genome_sequencing/pgp1/pgp1_fov10,raw,"Channel 1 (Cy5): dibases AT, CG, GC and TA; Channel 2 (FITC): dibases AA, CC, GG and TT; Channel 3 (Cy3): dibases AC, CA, GT and TG; Channel 4 (TxRed): dibases AG, CT, GA and TC",pgp1_fov10_data_table.csv
Fibroblasts_11,pgp1_fov11_seq,Homo sapiens,NCBITaxon,NCBITaxon_9606,GM23248,EFO,EFO_0005723,PGP1f (Coriell GM23248) ,In situ genome sequencing,pgp1_fov11_seq,pgp1_fov11_seq.nd2,in_situ_genome_sequencing/pgp1/pgp1_fov11,raw,"Channel 1 (Cy5): dibases AT, CG, GC and TA; Channel 2 (FITC): dibases AA, CC, GG and TT; Channel 3 (Cy3): dibases AC, CA, GT and TG; Channel 4 (TxRed): dibases AG, CT, GA and TC",pgp1_fov11_data_table.csv
Fibroblasts_12,pgp1_fov12_seq,Homo sapiens,NCBITaxon,NCBITaxon_9606,GM23248,EFO,EFO_0005723,PGP1f (Coriell GM23248) ,In situ genome sequencing,pgp1_fov12_seq,pgp1_fov12_seq.nd2,in_situ_genome_sequencing/pgp1/pgp1_fov12,raw,"Channel 1 (Cy5): dibases AT, CG, GC and TA; Channel 2 (FITC): dibases AA, CC, GG and TT; Channel 3 (Cy3): dibases AC, CA, GT and TG; Channel 4 (TxRed): dibases AG, CT, GA and TC",pgp1_fov12_data_table.csv
Fibroblasts_13,pgp1_fov13_seq,Homo sapiens,NCBITaxon,NCBITaxon_9606,GM23248,EFO,EFO_0005723,PGP1f (Coriell GM23248) ,In situ genome sequencing,pgp1_fov13_seq,pgp1_fov13_seq.nd2,in_situ_genome_sequencing/pgp1/pgp1_fov13,raw,"Channel 1 (Cy5): dibases AT, CG, GC and TA; Channel 2 (FITC): dibases AA, CC, GG and TT; Channel 3 (Cy3): dibases AC, CA, GT and TG; Channel 4 (TxRed): dibases AG, CT, GA and TC",pgp1_fov13_data_table.csv
Fibroblasts_14,pgp1_fov14_seq,Homo sapiens,NCBITaxon,NCBITaxon_9606,GM23248,EFO,EFO_0005723,PGP1f (Coriell GM23248) ,In situ genome sequencing,pgp1_fov14_seq,pgp1_fov14_seq.nd2,in_situ_genome_sequencing/pgp1/pgp1_fov14,raw,"Channel 1 (Cy5): dibases AT, CG, GC and TA; Channel 2 (FITC): dibases AA, CC, GG and TT; Channel 3 (Cy3): dibases AC, CA, GT and TG; Channel 4 (TxRed): dibases AG, CT, GA and TC",pgp1_fov14_data_table.csv
Fibroblasts_15,pgp1_fov15_seq,Homo sapiens,NCBITaxon,NCBITaxon_9606,GM23248,EFO,EFO_0005723,PGP1f (Coriell GM23248) ,In situ genome sequencing,pgp1_fov15_seq,pgp1_fov15_seq.nd2,in_situ_genome_sequencing/pgp1/pgp1_fov15,raw,"Channel 1 (Cy5): dibases AT, CG, GC and TA; Channel 2 (FITC): dibases AA, CC, GG and TT; Channel 3 (Cy3): dibases AC, CA, GT and TG; Channel 4 (TxRed): dibases AG, CT, GA and TC",pgp1_fov15_data_table.csv
Fibroblasts_16,pgp1_fov16_seq,Homo sapiens,NCBITaxon,NCBITaxon_9606,GM23248,EFO,EFO_0005723,PGP1f (Coriell GM23248) ,In situ genome sequencing,pgp1_fov16_seq,pgp1_fov16_seq.nd2,in_situ_genome_sequencing/pgp1/pgp1_fov16,raw,"Channel 1 (Cy5): dibases AT, CG, GC and TA; Channel 2 (FITC): dibases AA, CC, GG and TT; Channel 3 (Cy3): dibases AC, CA, GT and TG; Channel 4 (TxRed): dibases AG, CT, GA and TC",pgp1_fov16_data_table.csv
Fibroblasts_17,pgp1_fov17_seq,Homo sapiens,NCBITaxon,NCBITaxon_9606,GM23248,EFO,EFO_0005723,PGP1f (Coriell GM23248) ,In situ genome sequencing,pgp1_fov17_seq,pgp1_fov17_seq.nd2,in_situ_genome_sequencing/pgp1/pgp1_fov17,raw,"Channel 1 (Cy5): dibases AT, CG, GC and TA; Channel 2 (FITC): dibases AA, CC, GG and TT; Channel 3 (Cy3): dibases AC, CA, GT and TG; Channel 4 (TxRed): dibases AG, CT, GA and TC",pgp1_fov17_data_table.csv
Fibroblasts_18,pgp1_fov18_seq,Homo sapiens,NCBITaxon,NCBITaxon_9606,GM23248,EFO,EFO_0005723,PGP1f (Coriell GM23248) ,In situ genome sequencing,pgp1_fov18_seq,pgp1_fov18_seq.nd2,in_situ_genome_sequencing/pgp1/pgp1_fov18,raw,"Channel 1 (Cy5): dibases AT, CG, GC and TA; Channel 2 (FITC): dibases AA, CC, GG and TT; Channel 3 (Cy3): dibases AC, CA, GT and TG; Channel 4 (TxRed): dibases AG, CT, GA and TC",pgp1_fov18_data_table.csv
Fibroblasts_19,pgp1_fov19_seq,Homo sapiens,NCBITaxon,NCBITaxon_9606,GM23248,EFO,EFO_0005723,PGP1f (Coriell GM23248) ,In situ genome sequencing,pgp1_fov19_seq,pgp1_fov19_seq.nd2,in_situ_genome_sequencing/pgp1/pgp1_fov19,raw,"Channel 1 (Cy5): dibases AT, CG, GC and TA; Channel 2 (FITC): dibases AA, CC, GG and TT; Channel 3 (Cy3): dibases AC, CA, GT and TG; Channel 4 (TxRed): dibases AG, CT, GA and TC",pgp1_fov19_data_table.csv
Fibroblasts_20,pgp1_fov20_seq,Homo sapiens,NCBITaxon,NCBITaxon_9606,GM23248,EFO,EFO_0005723,PGP1f (Coriell GM23248) ,In situ genome sequencing,pgp1_fov20_seq,pgp1_fov20_seq.nd2,in_situ_genome_sequencing/pgp1/pgp1_fov20,raw,"Channel 1 (Cy5): dibases AT, CG, GC and TA; Channel 2 (FITC): dibases AA, CC, GG and TT; Channel 3 (Cy3): dibases AC, CA, GT and TG; Channel 4 (TxRed): dibases AG, CT, GA and TC",pgp1_fov20_data_table.csv
Fibroblasts_21,pgp1_fov21_seq,Homo sapiens,NCBITaxon,NCBITaxon_9606,GM23248,EFO,EFO_0005723,PGP1f (Coriell GM23248) ,In situ genome sequencing,pgp1_fov21_seq,pgp1_fov21_seq.nd2,in_situ_genome_sequencing/pgp1/pgp1_fov21,raw,"Channel 1 (Cy5): dibases AT, CG, GC and TA; Channel 2 (FITC): dibases AA, CC, GG and TT; Channel 3 (Cy3): dibases AC, CA, GT and TG; Channel 4 (TxRed): dibases AG, CT, GA and TC",pgp1_fov21_data_table.csv
Fibroblasts_22,pgp1_fov22_seq,Homo sapiens,NCBITaxon,NCBITaxon_9606,GM23248,EFO,EFO_0005723,PGP1f (Coriell GM23248) ,In situ genome sequencing,pgp1_fov22_seq,pgp1_fov22_seq.nd2,in_situ_genome_sequencing/pgp1/pgp1_fov22,raw,"Channel 1 (Cy5): dibases AT, CG, GC and TA; Channel 2 (FITC): dibases AA, CC, GG and TT; Channel 3 (Cy3): dibases AC, CA, GT and TG; Channel 4 (TxRed): dibases AG, CT, GA and TC",pgp1_fov22_data_table.csv
Fibroblasts_23,pgp1_fov23_seq,Homo sapiens,NCBITaxon,NCBITaxon_9606,GM23248,EFO,EFO_0005723,PGP1f (Coriell GM23248) ,In situ genome sequencing,pgp1_fov23_seq,pgp1_fov23_seq.nd2,in_situ_genome_sequencing/pgp1/pgp1_fov23,raw,"Channel 1 (Cy5): dibases AT, CG, GC and TA; Channel 2 (FITC): dibases AA, CC, GG and TT; Channel 3 (Cy3): dibases AC, CA, GT and TG; Channel 4 (TxRed): dibases AG, CT, GA and TC",pgp1_fov23_data_table.csv
Fibroblasts_24,pgp1_fov24_seq,Homo sapiens,NCBITaxon,NCBITaxon_9606,GM23248,EFO,EFO_0005723,PGP1f (Coriell GM23248) ,In situ genome sequencing,pgp1_fov24_seq,pgp1_fov24_seq.nd2,in_situ_genome_sequencing/pgp1/pgp1_fov24,raw,"Channel 1 (Cy5): dibases AT, CG, GC and TA; Channel 2 (FITC): dibases AA, CC, GG and TT; Channel 3 (Cy3): dibases AC, CA, GT and TG; Channel 4 (TxRed): dibases AG, CT, GA and TC",pgp1_fov24_data_table.csv
Fibroblasts_25,pgp1_fov25_seq,Homo sapiens,NCBITaxon,NCBITaxon_9606,GM23248,EFO,EFO_0005723,PGP1f (Coriell GM23248) ,In situ genome sequencing,pgp1_fov25_seq,pgp1_fov25_seq.nd2,in_situ_genome_sequencing/pgp1/pgp1_fov25,raw,"Channel 1 (Cy5): dibases AT, CG, GC and TA; Channel 2 (FITC): dibases AA, CC, GG and TT; Channel 3 (Cy3): dibases AC, CA, GT and TG; Channel 4 (TxRed): dibases AG, CT, GA and TC",pgp1_fov25_data_table.csv
Fibroblasts_01,pgp1_fov01_hyb,Homo sapiens,NCBITaxon,NCBITaxon_9606,GM23248,EFO,EFO_0005723,PGP1f (Coriell GM23248) ,DAPI staining,pgp1_fov01_hyb,pgp1_fov01_hyb.nd2,in_situ_genome_sequencing/pgp1/pgp1_fov01,raw,Channels 1-4: N/A; Channel 5: DAPI,pgp1_fov01_data_table.csv
Fibroblasts_02,pgp1_fov02_hyb,Homo sapiens,NCBITaxon,NCBITaxon_9606,GM23248,EFO,EFO_0005723,PGP1f (Coriell GM23248) ,DAPI staining,pgp1_fov02_hyb,pgp1_fov02_hyb.nd2,in_situ_genome_sequencing/pgp1/pgp1_fov02,raw,Channels 1-4: N/A; Channel 5: DAPI,pgp1_fov02_data_table.csv
Fibroblasts_03,pgp1_fov03_hyb,Homo sapiens,NCBITaxon,NCBITaxon_9606,GM23248,EFO,EFO_0005723,PGP1f (Coriell GM23248) ,DAPI staining,pgp1_fov03_hyb,pgp1_fov03_hyb.nd2,in_situ_genome_sequencing/pgp1/pgp1_fov03,raw,Channels 1-4: N/A; Channel 5: DAPI,pgp1_fov03_data_table.csv
Fibroblasts_04,pgp1_fov04_hyb,Homo sapiens,NCBITaxon,NCBITaxon_9606,GM23248,EFO,EFO_0005723,PGP1f (Coriell GM23248) ,DAPI staining,pgp1_fov04_hyb,pgp1_fov04_hyb.nd2,in_situ_genome_sequencing/pgp1/pgp1_fov04,raw,Channels 1-4: N/A; Channel 5: DAPI,pgp1_fov04_data_table.csv
Fibroblasts_05,pgp1_fov05_hyb,Homo sapiens,NCBITaxon,NCBITaxon_9606,GM23248,EFO,EFO_0005723,PGP1f (Coriell GM23248) ,DAPI staining,pgp1_fov05_hyb,pgp1_fov05_hyb.nd2,in_situ_genome_sequencing/pgp1/pgp1_fov05,raw,Channels 1-4: N/A; Channel 5: DAPI,pgp1_fov05_data_table.csv
Fibroblasts_06,pgp1_fov06_hyb,Homo sapiens,NCBITaxon,NCBITaxon_9606,GM23248,EFO,EFO_0005723,PGP1f (Coriell GM23248) ,DAPI staining,pgp1_fov06_hyb,pgp1_fov06_hyb.nd2,in_situ_genome_sequencing/pgp1/pgp1_fov06,raw,Channels 1-4: N/A; Channel 5: DAPI,pgp1_fov06_data_table.csv
Fibroblasts_07,pgp1_fov07_hyb,Homo sapiens,NCBITaxon,NCBITaxon_9606,GM23248,EFO,EFO_0005723,PGP1f (Coriell GM23248) ,DAPI staining,pgp1_fov07_hyb,pgp1_fov07_hyb.nd2,in_situ_genome_sequencing/pgp1/pgp1_fov07,raw,Channels 1-4: N/A; Channel 5: DAPI,pgp1_fov07_data_table.csv
Fibroblasts_08,pgp1_fov08_hyb,Homo sapiens,NCBITaxon,NCBITaxon_9606,GM23248,EFO,EFO_0005723,PGP1f (Coriell GM23248) ,DAPI staining,pgp1_fov08_hyb,pgp1_fov08_hyb.nd2,in_situ_genome_sequencing/pgp1/pgp1_fov08,raw,Channels 1-4: N/A; Channel 5: DAPI,pgp1_fov08_data_table.csv
Fibroblasts_09,pgp1_fov09_hyb,Homo sapiens,NCBITaxon,NCBITaxon_9606,GM23248,EFO,EFO_0005723,PGP1f (Coriell GM23248) ,DAPI staining,pgp1_fov09_hyb,pgp1_fov09_hyb.nd2,in_situ_genome_sequencing/pgp1/pgp1_fov09,raw,Channels 1-4: N/A; Channel 5: DAPI,pgp1_fov09_data_table.csv
Fibroblasts_10,pgp1_fov10_hyb,Homo sapiens,NCBITaxon,NCBITaxon_9606,GM23248,EFO,EFO_0005723,PGP1f (Coriell GM23248) ,DAPI staining,pgp1_fov10_hyb,pgp1_fov10_hyb.nd2,in_situ_genome_sequencing/pgp1/pgp1_fov10,raw,Channels 1-4: N/A; Channel 5: DAPI,pgp1_fov10_data_table.csv
Fibroblasts_11,pgp1_fov11_hyb,Homo sapiens,NCBITaxon,NCBITaxon_9606,GM23248,EFO,EFO_0005723,PGP1f (Coriell GM23248) ,DAPI staining,pgp1_fov11_hyb,pgp1_fov11_hyb.nd2,in_situ_genome_sequencing/pgp1/pgp1_fov11,raw,Channels 1-4: N/A; Channel 5: DAPI,pgp1_fov11_data_table.csv
Fibroblasts_12,pgp1_fov12_hyb,Homo sapiens,NCBITaxon,NCBITaxon_9606,GM23248,EFO,EFO_0005723,PGP1f (Coriell GM23248) ,DAPI staining,pgp1_fov12_hyb,pgp1_fov12_hyb.nd2,in_situ_genome_sequencing/pgp1/pgp1_fov12,raw,Channels 1-4: N/A; Channel 5: DAPI,pgp1_fov12_data_table.csv
Fibroblasts_13,pgp1_fov13_hyb,Homo sapiens,NCBITaxon,NCBITaxon_9606,GM23248,EFO,EFO_0005723,PGP1f (Coriell GM23248) ,DAPI staining,pgp1_fov13_hyb,pgp1_fov13_hyb.nd2,in_situ_genome_sequencing/pgp1/pgp1_fov13,raw,Channels 1-4: N/A; Channel 5: DAPI,pgp1_fov13_data_table.csv
Fibroblasts_14,pgp1_fov14_hyb,Homo sapiens,NCBITaxon,NCBITaxon_9606,GM23248,EFO,EFO_0005723,PGP1f (Coriell GM23248) ,DAPI staining,pgp1_fov14_hyb,pgp1_fov14_hyb.nd2,in_situ_genome_sequencing/pgp1/pgp1_fov14,raw,Channels 1-4: N/A; Channel 5: DAPI,pgp1_fov14_data_table.csv
Fibroblasts_15,pgp1_fov15_hyb,Homo sapiens,NCBITaxon,NCBITaxon_9606,GM23248,EFO,EFO_0005723,PGP1f (Coriell GM23248) ,DAPI staining,pgp1_fov15_hyb,pgp1_fov15_hyb.nd2,in_situ_genome_sequencing/pgp1/pgp1_fov15,raw,Channels 1-4: N/A; Channel 5: DAPI,pgp1_fov15_data_table.csv
Fibroblasts_16,pgp1_fov16_hyb,Homo sapiens,NCBITaxon,NCBITaxon_9606,GM23248,EFO,EFO_0005723,PGP1f (Coriell GM23248) ,DAPI staining,pgp1_fov16_hyb,pgp1_fov16_hyb.nd2,in_situ_genome_sequencing/pgp1/pgp1_fov16,raw,Channels 1-4: N/A; Channel 5: DAPI,pgp1_fov16_data_table.csv
Fibroblasts_17,pgp1_fov17_hyb,Homo sapiens,NCBITaxon,NCBITaxon_9606,GM23248,EFO,EFO_0005723,PGP1f (Coriell GM23248) ,DAPI staining,pgp1_fov17_hyb,pgp1_fov17_hyb.nd2,in_situ_genome_sequencing/pgp1/pgp1_fov17,raw,Channels 1-4: N/A; Channel 5: DAPI,pgp1_fov17_data_table.csv
Fibroblasts_18,pgp1_fov18_hyb,Homo sapiens,NCBITaxon,NCBITaxon_9606,GM23248,EFO,EFO_0005723,PGP1f (Coriell GM23248) ,DAPI staining,pgp1_fov18_hyb,pgp1_fov18_hyb.nd2,in_situ_genome_sequencing/pgp1/pgp1_fov18,raw,Channels 1-4: N/A; Channel 5: DAPI,pgp1_fov18_data_table.csv
Fibroblasts_19,pgp1_fov19_hyb,Homo sapiens,NCBITaxon,NCBITaxon_9606,GM23248,EFO,EFO_0005723,PGP1f (Coriell GM23248) ,DAPI staining,pgp1_fov19_hyb,pgp1_fov19_hyb.nd2,in_situ_genome_sequencing/pgp1/pgp1_fov19,raw,Channels 1-4: N/A; Channel 5: DAPI,pgp1_fov19_data_table.csv
Fibroblasts_20,pgp1_fov20_hyb,Homo sapiens,NCBITaxon,NCBITaxon_9606,GM23248,EFO,EFO_0005723,PGP1f (Coriell GM23248) ,DAPI staining,pgp1_fov20_hyb,pgp1_fov20_hyb.nd2,in_situ_genome_sequencing/pgp1/pgp1_fov20,raw,Channels 1-4: N/A; Channel 5: DAPI,pgp1_fov20_data_table.csv
Fibroblasts_21,pgp1_fov21_hyb,Homo sapiens,NCBITaxon,NCBITaxon_9606,GM23248,EFO,EFO_0005723,PGP1f (Coriell GM23248) ,DAPI staining,pgp1_fov21_hyb,pgp1_fov21_hyb.nd2,in_situ_genome_sequencing/pgp1/pgp1_fov21,raw,Channels 1-4: N/A; Channel 5: DAPI,pgp1_fov21_data_table.csv
Fibroblasts_22,pgp1_fov22_hyb,Homo sapiens,NCBITaxon,NCBITaxon_9606,GM23248,EFO,EFO_0005723,PGP1f (Coriell GM23248) ,DAPI staining,pgp1_fov22_hyb,pgp1_fov22_hyb.nd2,in_situ_genome_sequencing/pgp1/pgp1_fov22,raw,Channels 1-4: N/A; Channel 5: DAPI,pgp1_fov22_data_table.csv
Fibroblasts_23,pgp1_fov23_hyb,Homo sapiens,NCBITaxon,NCBITaxon_9606,GM23248,EFO,EFO_0005723,PGP1f (Coriell GM23248) ,DAPI staining,pgp1_fov23_hyb,pgp1_fov23_hyb.nd2,in_situ_genome_sequencing/pgp1/pgp1_fov23,raw,Channels 1-4: N/A; Channel 5: DAPI,pgp1_fov23_data_table.csv
Fibroblasts_24,pgp1_fov24_hyb,Homo sapiens,NCBITaxon,NCBITaxon_9606,GM23248,EFO,EFO_0005723,PGP1f (Coriell GM23248) ,DAPI staining,pgp1_fov24_hyb,pgp1_fov24_hyb.nd2,in_situ_genome_sequencing/pgp1/pgp1_fov24,raw,Channels 1-4: N/A; Channel 5: DAPI,pgp1_fov24_data_table.csv
Fibroblasts_25,pgp1_fov25_hyb,Homo sapiens,NCBITaxon,NCBITaxon_9606,GM23248,EFO,EFO_0005723,PGP1f (Coriell GM23248) ,DAPI staining,pgp1_fov25_hyb,pgp1_fov25_hyb.nd2,in_situ_genome_sequencing/pgp1/pgp1_fov25,raw,Channels 1-4: N/A; Channel 5: DAPI,pgp1_fov25_data_table.csv