Dataset Name,Image Name,Characteristics [Organism],Term Source 1 REF,Term Source 1 Accession,Material Type,Experimental Condition [Genetic Cross],Characteristics [Developmental Stage],Assay Name,Source Name,Image File,Comment [Image File Path],Comment [Image File Comments],Comment [Image File Type],Channels,Processed Data File
Embryo_01,embryo01_seq,Mus musculus,NCBITaxon,NCBITaxon_10090,Early mouse embryo,B6C3F1 females x B6D2F1 males,PN4 zygote,In situ genome sequencing,embryo01_seq,embryo01_seq.ims,in_situ_genome_sequencing/embryo/embryo01,,raw,"Channel 1 (Cy5): dibases AT, CG, GC and TA; Channel 2 (TxRed): AC, CA, GT and TG;  dibases  Channel 3 (Cy3): dibases AA, CC, GG and TT; Channel 4 (FITC) dibases AG, CT, GA and TC",embryo01_seq_data_table.csv
Embryo_02,embryo02_seq,Mus musculus,NCBITaxon,NCBITaxon_10090,Early mouse embryo,B6C3F1 females x B6D2F1 males,PN4 zygote,In situ genome sequencing,embryo02_seq,embryo02_seq.ims,in_situ_genome_sequencing/embryo/embryo02,,raw,"Channel 1 (Cy5): dibases AT, CG, GC and TA; Channel 2 (TxRed): AC, CA, GT and TG;  dibases  Channel 3 (Cy3): dibases AA, CC, GG and TT; Channel 4 (FITC) dibases AG, CT, GA and TC",embryo02_seq_data_table.csv
Embryo_03,embryo03_seq,Mus musculus,NCBITaxon,NCBITaxon_10090,Early mouse embryo,B6C3F1 females x B6D2F1 males,PN4 zygote,In situ genome sequencing,embryo03_seq,embryo03_seq.ims,in_situ_genome_sequencing/embryo/embryo03,,raw,"Channel 1 (Cy5): dibases AT, CG, GC and TA; Channel 2 (TxRed): AC, CA, GT and TG;  dibases  Channel 3 (Cy3): dibases AA, CC, GG and TT; Channel 4 (FITC) dibases AG, CT, GA and TC",embryo03_seq_data_table.csv
Embryo_04,embryo04_seq,Mus musculus,NCBITaxon,NCBITaxon_10090,Early mouse embryo,B6C3F1 females x B6D2F1 males,PN4 zygote,In situ genome sequencing,embryo04_seq,embryo04_seq.ims,in_situ_genome_sequencing/embryo/embryo04,,raw,"Channel 1 (Cy5): dibases AT, CG, GC and TA; Channel 2 (TxRed): AC, CA, GT and TG;  dibases  Channel 3 (Cy3): dibases AA, CC, GG and TT; Channel 4 (FITC) dibases AG, CT, GA and TC",embryo04_seq_data_table.csv
Embryo_05,embryo05_seq,Mus musculus,NCBITaxon,NCBITaxon_10090,Early mouse embryo,B6C3F1 females x B6D2F1 males,PN4 zygote,In situ genome sequencing,embryo05_seq,embryo05_seq.ims,in_situ_genome_sequencing/embryo/embryo05,,raw,"Channel 1 (Cy5): dibases AT, CG, GC and TA; Channel 2 (TxRed): AC, CA, GT and TG;  dibases  Channel 3 (Cy3): dibases AA, CC, GG and TT; Channel 4 (FITC) dibases AG, CT, GA and TC",embryo05_seq_data_table.csv
Embryo_06,embryo06_seq,Mus musculus,NCBITaxon,NCBITaxon_10090,Early mouse embryo,B6C3F1 females x B6D2F1 males,PN4 zygote,In situ genome sequencing,embryo06_seq,embryo06_seq.ims,in_situ_genome_sequencing/embryo/embryo06,,raw,"Channel 1 (Cy5): dibases AT, CG, GC and TA; Channel 2 (TxRed): AC, CA, GT and TG;  dibases  Channel 3 (Cy3): dibases AA, CC, GG and TT; Channel 4 (FITC) dibases AG, CT, GA and TC",embryo06_seq_data_table.csv
Embryo_07,embryo07_seq,Mus musculus,NCBITaxon,NCBITaxon_10090,Early mouse embryo,B6C3F1 females x B6D2F1 males,PN4 zygote,In situ genome sequencing,embryo07_seq,embryo07_seq.ims,in_situ_genome_sequencing/embryo/embryo07,,raw,"Channel 1 (Cy5): dibases AT, CG, GC and TA; Channel 2 (TxRed): AC, CA, GT and TG;  dibases  Channel 3 (Cy3): dibases AA, CC, GG and TT; Channel 4 (FITC) dibases AG, CT, GA and TC",embryo07_seq_data_table.csv
Embryo_08,embryo08_seq,Mus musculus,NCBITaxon,NCBITaxon_10090,Early mouse embryo,B6C3F1 females x B6D2F1 males,PN4 zygote,In situ genome sequencing,embryo08_seq,embryo08_seq.ims,in_situ_genome_sequencing/embryo/embryo08,,raw,"Channel 1 (Cy5): dibases AT, CG, GC and TA; Channel 2 (TxRed): AC, CA, GT and TG;  dibases  Channel 3 (Cy3): dibases AA, CC, GG and TT; Channel 4 (FITC) dibases AG, CT, GA and TC",embryo08_seq_data_table.csv
Embryo_09,embryo09_seq,Mus musculus,NCBITaxon,NCBITaxon_10090,Early mouse embryo,B6C3F1 females x B6D2F1 males,PN4 zygote,In situ genome sequencing,embryo09_seq,embryo09_seq.ims,in_situ_genome_sequencing/embryo/embryo09,Sequencing cycle 2 is blank,raw,"Channel 1 (Cy5): dibases AT, CG, GC and TA; Channel 2 (TxRed): AC, CA, GT and TG;  dibases  Channel 3 (Cy3): dibases AA, CC, GG and TT; Channel 4 (FITC) dibases AG, CT, GA and TC",embryo09_seq_data_table.csv
Embryo_10,embryo10_seq,Mus musculus,NCBITaxon,NCBITaxon_10090,Early mouse embryo,B6C3F1 females x B6D2F1 males,PN4 zygote,In situ genome sequencing,embryo10_seq,embryo10_seq.ims,in_situ_genome_sequencing/embryo/embryo10,,raw,"Channel 1 (Cy5): dibases AT, CG, GC and TA; Channel 2 (TxRed): AC, CA, GT and TG;  dibases  Channel 3 (Cy3): dibases AA, CC, GG and TT; Channel 4 (FITC) dibases AG, CT, GA and TC",embryo10_seq_data_table.csv
Embryo_11,embryo11_seq,Mus musculus,NCBITaxon,NCBITaxon_10090,Early mouse embryo,B6C3F1 females x B6D2F1 males,PN4 zygote,In situ genome sequencing,embryo11_seq,embryo11_seq.ims,in_situ_genome_sequencing/embryo/embryo11,,raw,"Channel 1 (Cy5): dibases AT, CG, GC and TA; Channel 2 (TxRed): AC, CA, GT and TG;  dibases  Channel 3 (Cy3): dibases AA, CC, GG and TT; Channel 4 (FITC) dibases AG, CT, GA and TC",embryo11_seq_data_table.csv
Embryo_12,embryo12_seq,Mus musculus,NCBITaxon,NCBITaxon_10090,Early mouse embryo,B6C3F1 females x B6D2F1 males,PN4 zygote,In situ genome sequencing,embryo12_seq,embryo12_seq.ims,in_situ_genome_sequencing/embryo/embryo12,,raw,"Channel 1 (Cy5): dibases AT, CG, GC and TA; Channel 2 (TxRed): AC, CA, GT and TG;  dibases  Channel 3 (Cy3): dibases AA, CC, GG and TT; Channel 4 (FITC) dibases AG, CT, GA and TC",embryo12_seq_data_table.csv
Embryo_13,embryo13_seq,Mus musculus,NCBITaxon,NCBITaxon_10090,Early mouse embryo,B6C3F1 females x B6D2F1 males,PN4 zygote,In situ genome sequencing,embryo13_seq,embryo13_seq.ims,in_situ_genome_sequencing/embryo/embryo13,,raw,"Channel 1 (Cy5): dibases AT, CG, GC and TA; Channel 2 (TxRed): AC, CA, GT and TG;  dibases  Channel 3 (Cy3): dibases AA, CC, GG and TT; Channel 4 (FITC) dibases AG, CT, GA and TC",embryo13_seq_data_table.csv
Embryo_14,embryo14_seq,Mus musculus,NCBITaxon,NCBITaxon_10090,Early mouse embryo,B6C3F1 females x B6D2F1 males,PN4 zygote,In situ genome sequencing,embryo14_seq,embryo14_seq.ims,in_situ_genome_sequencing/embryo/embryo14,,raw,"Channel 1 (Cy5): dibases AT, CG, GC and TA; Channel 2 (TxRed): AC, CA, GT and TG;  dibases  Channel 3 (Cy3): dibases AA, CC, GG and TT; Channel 4 (FITC) dibases AG, CT, GA and TC",embryo14_seq_data_table.csv
Embryo_15,embryo15_seq,Mus musculus,NCBITaxon,NCBITaxon_10090,Early mouse embryo,B6C3F1 females x B6D2F1 males,PN4 zygote,In situ genome sequencing,embryo15_seq,embryo15_seq.ims,in_situ_genome_sequencing/embryo/embryo15,,raw,"Channel 1 (Cy5): dibases AT, CG, GC and TA; Channel 2 (TxRed): AC, CA, GT and TG;  dibases  Channel 3 (Cy3): dibases AA, CC, GG and TT; Channel 4 (FITC) dibases AG, CT, GA and TC",embryo15_seq_data_table.csv
Embryo_16,embryo16_seq,Mus musculus,NCBITaxon,NCBITaxon_10090,Early mouse embryo,B6C3F1 females x B6D2F1 males,PN4 zygote,In situ genome sequencing,embryo16_seq,embryo16_seq.ims,in_situ_genome_sequencing/embryo/embryo16,,raw,"Channel 1 (Cy5): dibases AT, CG, GC and TA; Channel 2 (TxRed): AC, CA, GT and TG;  dibases  Channel 3 (Cy3): dibases AA, CC, GG and TT; Channel 4 (FITC) dibases AG, CT, GA and TC",embryo16_seq_data_table.csv
Embryo_17,embryo17_seq,Mus musculus,NCBITaxon,NCBITaxon_10090,Early mouse embryo,B6C3F1 females x B6D2F1 males,PN4 zygote,In situ genome sequencing,embryo17_seq,embryo17_seq.ims,in_situ_genome_sequencing/embryo/embryo17,,raw,"Channel 1 (Cy5): dibases AT, CG, GC and TA; Channel 2 (TxRed): AC, CA, GT and TG;  dibases  Channel 3 (Cy3): dibases AA, CC, GG and TT; Channel 4 (FITC) dibases AG, CT, GA and TC",embryo17_seq_data_table.csv
Embryo_18,embryo18_seq,Mus musculus,NCBITaxon,NCBITaxon_10090,Early mouse embryo,B6C3F1 females x B6D2F1 males,PN4 zygote,In situ genome sequencing,embryo18_seq,embryo18_seq.ims,in_situ_genome_sequencing/embryo/embryo18,,raw,"Channel 1 (Cy5): dibases AT, CG, GC and TA; Channel 2 (TxRed): AC, CA, GT and TG;  dibases  Channel 3 (Cy3): dibases AA, CC, GG and TT; Channel 4 (FITC) dibases AG, CT, GA and TC",embryo18_seq_data_table.csv
Embryo_19,embryo19_seq,Mus musculus,NCBITaxon,NCBITaxon_10090,Early mouse embryo,B6C3F1 females x B6D2F1 males,PN4 zygote,In situ genome sequencing,embryo19_seq,embryo19_seq.ims,in_situ_genome_sequencing/embryo/embryo19,,raw,"Channel 1 (Cy5): dibases AT, CG, GC and TA; Channel 2 (TxRed): AC, CA, GT and TG;  dibases  Channel 3 (Cy3): dibases AA, CC, GG and TT; Channel 4 (FITC) dibases AG, CT, GA and TC",embryo19_seq_data_table.csv
Embryo_20,embryo20_seq,Mus musculus,NCBITaxon,NCBITaxon_10090,Early mouse embryo,B6C3F1 females x B6D2F1 males,PN4 zygote,In situ genome sequencing,embryo20_seq,embryo20_seq.ims,in_situ_genome_sequencing/embryo/embryo20,,raw,"Channel 1 (Cy5): dibases AT, CG, GC and TA; Channel 2 (TxRed): AC, CA, GT and TG;  dibases  Channel 3 (Cy3): dibases AA, CC, GG and TT; Channel 4 (FITC) dibases AG, CT, GA and TC",embryo20_seq_data_table.csv
Embryo_21,embryo21_seq,Mus musculus,NCBITaxon,NCBITaxon_10090,Early mouse embryo,B6C3F1 females x B6D2F1 males,PN4 zygote,In situ genome sequencing,embryo21_seq,embryo21_seq.ims,in_situ_genome_sequencing/embryo/embryo21,,raw,"Channel 1 (Cy5): dibases AT, CG, GC and TA; Channel 2 (TxRed): AC, CA, GT and TG;  dibases  Channel 3 (Cy3): dibases AA, CC, GG and TT; Channel 4 (FITC) dibases AG, CT, GA and TC",embryo21_seq_data_table.csv
Embryo_22,embryo22_seq,Mus musculus,NCBITaxon,NCBITaxon_10090,Early mouse embryo,B6C3F1 females x B6D2F1 males,PN4 zygote,In situ genome sequencing,embryo22_seq,embryo22_seq.ims,in_situ_genome_sequencing/embryo/embryo22,,raw,"Channel 1 (Cy5): dibases AT, CG, GC and TA; Channel 2 (TxRed): AC, CA, GT and TG;  dibases  Channel 3 (Cy3): dibases AA, CC, GG and TT; Channel 4 (FITC) dibases AG, CT, GA and TC",embryo22_seq_data_table.csv
Embryo_23,embryo23_seq,Mus musculus,NCBITaxon,NCBITaxon_10090,Early mouse embryo,B6C3F1 females x B6D2F1 males,PN4 zygote,In situ genome sequencing,embryo23_seq,embryo23_seq.ims,in_situ_genome_sequencing/embryo/embryo23,,raw,"Channel 1 (Cy5): dibases AT, CG, GC and TA; Channel 2 (TxRed): AC, CA, GT and TG;  dibases  Channel 3 (Cy3): dibases AA, CC, GG and TT; Channel 4 (FITC) dibases AG, CT, GA and TC",embryo23_seq_data_table.csv
Embryo_24,embryo24_seq,Mus musculus,NCBITaxon,NCBITaxon_10090,Early mouse embryo,B6C3F1 females x B6D2F1 males,PN4 zygote,In situ genome sequencing,embryo24_seq,embryo24_seq.ims,in_situ_genome_sequencing/embryo/embryo24,,raw,"Channel 1 (Cy5): dibases AT, CG, GC and TA; Channel 2 (TxRed): AC, CA, GT and TG;  dibases  Channel 3 (Cy3): dibases AA, CC, GG and TT; Channel 4 (FITC) dibases AG, CT, GA and TC",embryo24_seq_data_table.csv
Embryo_25,embryo25_seq,Mus musculus,NCBITaxon,NCBITaxon_10090,Early mouse embryo,B6C3F1 females x B6D2F1 males,late 2-cell,In situ genome sequencing,embryo25_seq,embryo25_seq.ims,in_situ_genome_sequencing/embryo/embryo25,"Sequencing cycles 4, 8, and 12 are blank",raw,"Channel 1 (Cy5): dibases AT, CG, GC and TA; Channel 2 (TxRed): AC, CA, GT and TG;  dibases  Channel 3 (Cy3): dibases AA, CC, GG and TT; Channel 4 (FITC) dibases AG, CT, GA and TC",embryo25_seq_data_table.csv
Embryo_26,embryo26_seq,Mus musculus,NCBITaxon,NCBITaxon_10090,Early mouse embryo,B6C3F1 females x B6D2F1 males,late 2-cell,In situ genome sequencing,embryo26_seq,embryo26_seq.ims,in_situ_genome_sequencing/embryo/embryo26,,raw,"Channel 1 (Cy5): dibases AT, CG, GC and TA; Channel 2 (TxRed): AC, CA, GT and TG;  dibases  Channel 3 (Cy3): dibases AA, CC, GG and TT; Channel 4 (FITC) dibases AG, CT, GA and TC",embryo26_seq_data_table.csv
Embryo_27,embryo27_seq,Mus musculus,NCBITaxon,NCBITaxon_10090,Early mouse embryo,B6C3F1 females x B6D2F1 males,late 2-cell,In situ genome sequencing,embryo27_seq,embryo27_seq.ims,in_situ_genome_sequencing/embryo/embryo27,,raw,"Channel 1 (Cy5): dibases AT, CG, GC and TA; Channel 2 (TxRed): AC, CA, GT and TG;  dibases  Channel 3 (Cy3): dibases AA, CC, GG and TT; Channel 4 (FITC) dibases AG, CT, GA and TC",embryo27_seq_data_table.csv
Embryo_28,embryo28_seq,Mus musculus,NCBITaxon,NCBITaxon_10090,Early mouse embryo,B6C3F1 females x B6D2F1 males,late 2-cell,In situ genome sequencing,embryo28_seq,embryo28_seq.ims,in_situ_genome_sequencing/embryo/embryo28,,raw,"Channel 1 (Cy5): dibases AT, CG, GC and TA; Channel 2 (TxRed): AC, CA, GT and TG;  dibases  Channel 3 (Cy3): dibases AA, CC, GG and TT; Channel 4 (FITC) dibases AG, CT, GA and TC",embryo28_seq_data_table.csv
Embryo_29,embryo29_seq,Mus musculus,NCBITaxon,NCBITaxon_10090,Early mouse embryo,B6C3F1 females x B6D2F1 males,late 2-cell,In situ genome sequencing,embryo29_seq,embryo29_seq.ims,in_situ_genome_sequencing/embryo/embryo29,,raw,"Channel 1 (Cy5): dibases AT, CG, GC and TA; Channel 2 (TxRed): AC, CA, GT and TG;  dibases  Channel 3 (Cy3): dibases AA, CC, GG and TT; Channel 4 (FITC) dibases AG, CT, GA and TC",embryo29_seq_data_table.csv
Embryo_30,embryo30_seq,Mus musculus,NCBITaxon,NCBITaxon_10090,Early mouse embryo,B6C3F1 females x B6D2F1 males,late 2-cell,In situ genome sequencing,embryo30_seq,embryo30_seq.ims,in_situ_genome_sequencing/embryo/embryo30,,raw,"Channel 1 (Cy5): dibases AT, CG, GC and TA; Channel 2 (TxRed): AC, CA, GT and TG;  dibases  Channel 3 (Cy3): dibases AA, CC, GG and TT; Channel 4 (FITC) dibases AG, CT, GA and TC",embryo30_seq_data_table.csv
Embryo_31,embryo31_seq,Mus musculus,NCBITaxon,NCBITaxon_10090,Early mouse embryo,B6C3F1 females x B6D2F1 males,late 2-cell,In situ genome sequencing,embryo31_seq,embryo31_seq.ims,in_situ_genome_sequencing/embryo/embryo31,,raw,"Channel 1 (Cy5): dibases AT, CG, GC and TA; Channel 2 (TxRed): AC, CA, GT and TG;  dibases  Channel 3 (Cy3): dibases AA, CC, GG and TT; Channel 4 (FITC) dibases AG, CT, GA and TC",embryo31_seq_data_table.csv
Embryo_32,embryo32_seq,Mus musculus,NCBITaxon,NCBITaxon_10090,Early mouse embryo,B6C3F1 females x B6D2F1 males,late 2-cell,In situ genome sequencing,embryo32_seq,embryo32_seq.ims,in_situ_genome_sequencing/embryo/embryo32,,raw,"Channel 1 (Cy5): dibases AT, CG, GC and TA; Channel 2 (TxRed): AC, CA, GT and TG;  dibases  Channel 3 (Cy3): dibases AA, CC, GG and TT; Channel 4 (FITC) dibases AG, CT, GA and TC",embryo32_seq_data_table.csv
Embryo_33,embryo33_seq,Mus musculus,NCBITaxon,NCBITaxon_10090,Early mouse embryo,B6C3F1 females x B6D2F1 males,late 2-cell,In situ genome sequencing,embryo33_seq,embryo33_seq.ims,in_situ_genome_sequencing/embryo/embryo33,,raw,"Channel 1 (Cy5): dibases AT, CG, GC and TA; Channel 2 (TxRed): AC, CA, GT and TG;  dibases  Channel 3 (Cy3): dibases AA, CC, GG and TT; Channel 4 (FITC) dibases AG, CT, GA and TC",embryo33_seq_data_table.csv
Embryo_34,embryo34_seq,Mus musculus,NCBITaxon,NCBITaxon_10090,Early mouse embryo,B6C3F1 females x B6D2F1 males,late 2-cell,In situ genome sequencing,embryo34_seq,embryo34_seq.ims,in_situ_genome_sequencing/embryo/embryo34,,raw,"Channel 1 (Cy5): dibases AT, CG, GC and TA; Channel 2 (TxRed): AC, CA, GT and TG;  dibases  Channel 3 (Cy3): dibases AA, CC, GG and TT; Channel 4 (FITC) dibases AG, CT, GA and TC",embryo34_seq_data_table.csv
Embryo_35,embryo35_seq,Mus musculus,NCBITaxon,NCBITaxon_10090,Early mouse embryo,B6C3F1 females x B6D2F1 males,late 2-cell,In situ genome sequencing,embryo35_seq,embryo35_seq.ims,in_situ_genome_sequencing/embryo/embryo35,,raw,"Channel 1 (Cy5): dibases AT, CG, GC and TA; Channel 2 (TxRed): AC, CA, GT and TG;  dibases  Channel 3 (Cy3): dibases AA, CC, GG and TT; Channel 4 (FITC) dibases AG, CT, GA and TC",embryo35_seq_data_table.csv
Embryo_36,embryo36_seq,Mus musculus,NCBITaxon,NCBITaxon_10090,Early mouse embryo,B6C3F1 females x B6D2F1 males,late 2-cell,In situ genome sequencing,embryo36_seq,embryo36_seq.ims,in_situ_genome_sequencing/embryo/embryo36,,raw,"Channel 1 (Cy5): dibases AT, CG, GC and TA; Channel 2 (TxRed): AC, CA, GT and TG;  dibases  Channel 3 (Cy3): dibases AA, CC, GG and TT; Channel 4 (FITC) dibases AG, CT, GA and TC",embryo36_seq_data_table.csv
Embryo_37,embryo37_seq,Mus musculus,NCBITaxon,NCBITaxon_10090,Early mouse embryo,B6C3F1 females x B6D2F1 males,late 2-cell,In situ genome sequencing,embryo37_seq,embryo37_seq.ims,in_situ_genome_sequencing/embryo/embryo37,,raw,"Channel 1 (Cy5): dibases AT, CG, GC and TA; Channel 2 (TxRed): AC, CA, GT and TG;  dibases  Channel 3 (Cy3): dibases AA, CC, GG and TT; Channel 4 (FITC) dibases AG, CT, GA and TC",embryo37_seq_data_table.csv
Embryo_38,embryo38_seq,Mus musculus,NCBITaxon,NCBITaxon_10090,Early mouse embryo,B6C3F1 females x B6D2F1 males,late 2-cell,In situ genome sequencing,embryo38_seq,embryo38_seq.ims,in_situ_genome_sequencing/embryo/embryo38,,raw,"Channel 1 (Cy5): dibases AT, CG, GC and TA; Channel 2 (TxRed): AC, CA, GT and TG;  dibases  Channel 3 (Cy3): dibases AA, CC, GG and TT; Channel 4 (FITC) dibases AG, CT, GA and TC",embryo38_seq_data_table.csv
Embryo_39,embryo39_seq,Mus musculus,NCBITaxon,NCBITaxon_10090,Early mouse embryo,B6C3F1 females x B6D2F1 males,late 2-cell,In situ genome sequencing,embryo39_seq,embryo39_seq.ims,in_situ_genome_sequencing/embryo/embryo39,,raw,"Channel 1 (Cy5): dibases AT, CG, GC and TA; Channel 2 (TxRed): AC, CA, GT and TG;  dibases  Channel 3 (Cy3): dibases AA, CC, GG and TT; Channel 4 (FITC) dibases AG, CT, GA and TC",embryo39_seq_data_table.csv
Embryo_40,embryo40_seq,Mus musculus,NCBITaxon,NCBITaxon_10090,Early mouse embryo,B6C3F1 females x B6D2F1 males,late 2-cell,In situ genome sequencing,embryo40_seq,embryo40_seq.ims,in_situ_genome_sequencing/embryo/embryo40,,raw,"Channel 1 (Cy5): dibases AT, CG, GC and TA; Channel 2 (TxRed): AC, CA, GT and TG;  dibases  Channel 3 (Cy3): dibases AA, CC, GG and TT; Channel 4 (FITC) dibases AG, CT, GA and TC",embryo40_seq_data_table.csv
Embryo_41,embryo41_seq,Mus musculus,NCBITaxon,NCBITaxon_10090,Early mouse embryo,B6C3F1 females x B6D2F1 males,late 2-cell,In situ genome sequencing,embryo41_seq,embryo41_seq.ims,in_situ_genome_sequencing/embryo/embryo41,,raw,"Channel 1 (Cy5): dibases AT, CG, GC and TA; Channel 2 (TxRed): AC, CA, GT and TG;  dibases  Channel 3 (Cy3): dibases AA, CC, GG and TT; Channel 4 (FITC) dibases AG, CT, GA and TC",embryo41_seq_data_table.csv
Embryo_42,embryo42_seq,Mus musculus,NCBITaxon,NCBITaxon_10090,Early mouse embryo,B6C3F1 females x B6D2F1 males,late 2-cell,In situ genome sequencing,embryo42_seq,embryo42_seq.ims,in_situ_genome_sequencing/embryo/embryo42,,raw,"Channel 1 (Cy5): dibases AT, CG, GC and TA; Channel 2 (TxRed): AC, CA, GT and TG;  dibases  Channel 3 (Cy3): dibases AA, CC, GG and TT; Channel 4 (FITC) dibases AG, CT, GA and TC",embryo42_seq_data_table.csv
Embryo_43,embryo43_seq,Mus musculus,NCBITaxon,NCBITaxon_10090,Early mouse embryo,B6C3F1 females x B6D2F1 males,late 2-cell,In situ genome sequencing,embryo43_seq,embryo43_seq.ims,in_situ_genome_sequencing/embryo/embryo43,,raw,"Channel 1 (Cy5): dibases AT, CG, GC and TA; Channel 2 (TxRed): AC, CA, GT and TG;  dibases  Channel 3 (Cy3): dibases AA, CC, GG and TT; Channel 4 (FITC) dibases AG, CT, GA and TC",embryo43_seq_data_table.csv
Embryo_44,embryo44_seq,Mus musculus,NCBITaxon,NCBITaxon_10090,Early mouse embryo,B6C3F1 females x B6D2F1 males,late 2-cell,In situ genome sequencing,embryo44_seq,embryo44_seq.ims,in_situ_genome_sequencing/embryo/embryo44,,raw,"Channel 1 (Cy5): dibases AT, CG, GC and TA; Channel 2 (TxRed): AC, CA, GT and TG;  dibases  Channel 3 (Cy3): dibases AA, CC, GG and TT; Channel 4 (FITC) dibases AG, CT, GA and TC",embryo44_seq_data_table.csv
Embryo_45,embryo45_seq,Mus musculus,NCBITaxon,NCBITaxon_10090,Early mouse embryo,B6C3F1 females x B6D2F1 males,early 4-cell,In situ genome sequencing,embryo45_seq,embryo45_seq.ims,in_situ_genome_sequencing/embryo/embryo45,,raw,"Channel 1 (Cy5): dibases AT, CG, GC and TA; Channel 2 (TxRed): AC, CA, GT and TG;  dibases  Channel 3 (Cy3): dibases AA, CC, GG and TT; Channel 4 (FITC) dibases AG, CT, GA and TC",embryo45_seq_data_table.csv
Embryo_46,embryo46_seq,Mus musculus,NCBITaxon,NCBITaxon_10090,Early mouse embryo,B6C3F1 females x B6D2F1 males,early 4-cell,In situ genome sequencing,embryo46_seq,embryo46_seq.ims,in_situ_genome_sequencing/embryo/embryo46,,raw,"Channel 1 (Cy5): dibases AT, CG, GC and TA; Channel 2 (TxRed): AC, CA, GT and TG;  dibases  Channel 3 (Cy3): dibases AA, CC, GG and TT; Channel 4 (FITC) dibases AG, CT, GA and TC",embryo46_seq_data_table.csv
Embryo_47,embryo47_seq,Mus musculus,NCBITaxon,NCBITaxon_10090,Early mouse embryo,B6C3F1 females x B6D2F1 males,early 4-cell,In situ genome sequencing,embryo47_seq,embryo47_seq.ims,in_situ_genome_sequencing/embryo/embryo47,,raw,"Channel 1 (Cy5): dibases AT, CG, GC and TA; Channel 2 (TxRed): AC, CA, GT and TG;  dibases  Channel 3 (Cy3): dibases AA, CC, GG and TT; Channel 4 (FITC) dibases AG, CT, GA and TC",embryo47_seq_data_table.csv
Embryo_48,embryo48_seq,Mus musculus,NCBITaxon,NCBITaxon_10090,Early mouse embryo,B6C3F1 females x B6D2F1 males,early 4-cell,In situ genome sequencing,embryo48_seq,embryo48_seq.ims,in_situ_genome_sequencing/embryo/embryo48,,raw,"Channel 1 (Cy5): dibases AT, CG, GC and TA; Channel 2 (TxRed): AC, CA, GT and TG;  dibases  Channel 3 (Cy3): dibases AA, CC, GG and TT; Channel 4 (FITC) dibases AG, CT, GA and TC",embryo48_seq_data_table.csv
Embryo_49,embryo49_seq,Mus musculus,NCBITaxon,NCBITaxon_10090,Early mouse embryo,B6C3F1 females x B6D2F1 males,early 4-cell,In situ genome sequencing,embryo49_seq,embryo49_seq.ims,in_situ_genome_sequencing/embryo/embryo49,,raw,"Channel 1 (Cy5): dibases AT, CG, GC and TA; Channel 2 (TxRed): AC, CA, GT and TG;  dibases  Channel 3 (Cy3): dibases AA, CC, GG and TT; Channel 4 (FITC) dibases AG, CT, GA and TC",embryo49_seq_data_table.csv
Embryo_50,embryo50_seq,Mus musculus,NCBITaxon,NCBITaxon_10090,Early mouse embryo,B6C3F1 females x B6D2F1 males,early 4-cell,In situ genome sequencing,embryo50_seq,embryo50_seq.ims,in_situ_genome_sequencing/embryo/embryo50,Sequencing cycle 2 is blank,raw,"Channel 1 (Cy5): dibases AT, CG, GC and TA; Channel 2 (TxRed): AC, CA, GT and TG;  dibases  Channel 3 (Cy3): dibases AA, CC, GG and TT; Channel 4 (FITC) dibases AG, CT, GA and TC",embryo50_seq_data_table.csv
Embryo_51,embryo51_seq,Mus musculus,NCBITaxon,NCBITaxon_10090,Early mouse embryo,B6C3F1 females x B6D2F1 males,early 4-cell,In situ genome sequencing,embryo51_seq,embryo51_seq.ims,in_situ_genome_sequencing/embryo/embryo51,,raw,"Channel 1 (Cy5): dibases AT, CG, GC and TA; Channel 2 (TxRed): AC, CA, GT and TG;  dibases  Channel 3 (Cy3): dibases AA, CC, GG and TT; Channel 4 (FITC) dibases AG, CT, GA and TC",embryo51_seq_data_table.csv
Embryo_52,embryo52_seq,Mus musculus,NCBITaxon,NCBITaxon_10090,Early mouse embryo,B6C3F1 females x B6D2F1 males,early 4-cell,In situ genome sequencing,embryo52_seq,embryo52_seq.ims,in_situ_genome_sequencing/embryo/embryo52,,raw,"Channel 1 (Cy5): dibases AT, CG, GC and TA; Channel 2 (TxRed): AC, CA, GT and TG;  dibases  Channel 3 (Cy3): dibases AA, CC, GG and TT; Channel 4 (FITC) dibases AG, CT, GA and TC",embryo52_seq_data_table.csv
Embryo_53,embryo53_seq,Mus musculus,NCBITaxon,NCBITaxon_10090,Early mouse embryo,B6C3F1 females x B6D2F1 males,early 4-cell,In situ genome sequencing,embryo53_seq,embryo53_seq.ims,in_situ_genome_sequencing/embryo/embryo53,,raw,"Channel 1 (Cy5): dibases AT, CG, GC and TA; Channel 2 (TxRed): AC, CA, GT and TG;  dibases  Channel 3 (Cy3): dibases AA, CC, GG and TT; Channel 4 (FITC) dibases AG, CT, GA and TC",embryo53_seq_data_table.csv
Embryo_54,embryo54_seq,Mus musculus,NCBITaxon,NCBITaxon_10090,Early mouse embryo,B6C3F1 females x B6D2F1 males,early 4-cell,In situ genome sequencing,embryo54_seq,embryo54_seq.ims,in_situ_genome_sequencing/embryo/embryo54,,raw,"Channel 1 (Cy5): dibases AT, CG, GC and TA; Channel 2 (TxRed): AC, CA, GT and TG;  dibases  Channel 3 (Cy3): dibases AA, CC, GG and TT; Channel 4 (FITC) dibases AG, CT, GA and TC",embryo54_seq_data_table.csv
Embryo_55,embryo55_seq,Mus musculus,NCBITaxon,NCBITaxon_10090,Early mouse embryo,B6C3F1 females x B6D2F1 males,early 4-cell,In situ genome sequencing,embryo55_seq,embryo55_seq.ims,in_situ_genome_sequencing/embryo/embryo55,,raw,"Channel 1 (Cy5): dibases AT, CG, GC and TA; Channel 2 (TxRed): AC, CA, GT and TG;  dibases  Channel 3 (Cy3): dibases AA, CC, GG and TT; Channel 4 (FITC) dibases AG, CT, GA and TC",embryo55_seq_data_table.csv
Embryo_56,embryo56_seq,Mus musculus,NCBITaxon,NCBITaxon_10090,Early mouse embryo,B6C3F1 females x B6D2F1 males,early 4-cell,In situ genome sequencing,embryo56_seq,embryo56_seq.ims,in_situ_genome_sequencing/embryo/embryo56,,raw,"Channel 1 (Cy5): dibases AT, CG, GC and TA; Channel 2 (TxRed): AC, CA, GT and TG;  dibases  Channel 3 (Cy3): dibases AA, CC, GG and TT; Channel 4 (FITC) dibases AG, CT, GA and TC",embryo56_seq_data_table.csv
Embryo_57,embryo57_seq,Mus musculus,NCBITaxon,NCBITaxon_10090,Early mouse embryo,B6C3F1 females x B6D2F1 males,early 4-cell,In situ genome sequencing,embryo57_seq,embryo57_seq.ims,in_situ_genome_sequencing/embryo/embryo57,,raw,"Channel 1 (Cy5): dibases AT, CG, GC and TA; Channel 2 (TxRed): AC, CA, GT and TG;  dibases  Channel 3 (Cy3): dibases AA, CC, GG and TT; Channel 4 (FITC) dibases AG, CT, GA and TC",embryo57_seq_data_table.csv
Embryo_01,embryo01_hyb,Mus musculus,NCBITaxon,NCBITaxon_10090,Early mouse embryo,B6C3F1 females x B6D2F1 males,PN4 zygote,Hybridization probe + DAPI staining,embryo01_hyb,embryo01_hyb.ims,in_situ_genome_sequencing/embryo/embryo01,,raw,Channel 1: Hybridization probe; Channel 2: DAPI,embryo01_hyb_data_table.csv
Embryo_02,embryo02_hyb,Mus musculus,NCBITaxon,NCBITaxon_10090,Early mouse embryo,B6C3F1 females x B6D2F1 males,PN4 zygote,Hybridization probe + DAPI staining,embryo02_hyb,embryo02_hyb.ims,in_situ_genome_sequencing/embryo/embryo02,,raw,Channel 1: Hybridization probe; Channel 2: DAPI,embryo02_hyb_data_table.csv
Embryo_03,embryo03_hyb,Mus musculus,NCBITaxon,NCBITaxon_10090,Early mouse embryo,B6C3F1 females x B6D2F1 males,PN4 zygote,Hybridization probe + DAPI staining,embryo03_hyb,embryo03_hyb.ims,in_situ_genome_sequencing/embryo/embryo03,,raw,Channel 1: Hybridization probe; Channel 2: DAPI,embryo03_hyb_data_table.csv
Embryo_04,embryo04_hyb,Mus musculus,NCBITaxon,NCBITaxon_10090,Early mouse embryo,B6C3F1 females x B6D2F1 males,PN4 zygote,Hybridization probe + DAPI staining,embryo04_hyb,embryo04_hyb.ims,in_situ_genome_sequencing/embryo/embryo04,,raw,Channel 1: Hybridization probe; Channel 2: DAPI,embryo04_hyb_data_table.csv
Embryo_05,embryo05_hyb,Mus musculus,NCBITaxon,NCBITaxon_10090,Early mouse embryo,B6C3F1 females x B6D2F1 males,PN4 zygote,Hybridization probe + DAPI staining,embryo05_hyb,embryo05_hyb.ims,in_situ_genome_sequencing/embryo/embryo05,,raw,Channel 1: Hybridization probe; Channel 2: DAPI,embryo05_hyb_data_table.csv
Embryo_06,embryo06_hyb,Mus musculus,NCBITaxon,NCBITaxon_10090,Early mouse embryo,B6C3F1 females x B6D2F1 males,PN4 zygote,Hybridization probe + DAPI staining,embryo06_hyb,embryo06_hyb.ims,in_situ_genome_sequencing/embryo/embryo06,,raw,Channel 1: Hybridization probe; Channel 2: DAPI,embryo06_hyb_data_table.csv
Embryo_07,embryo07_hyb,Mus musculus,NCBITaxon,NCBITaxon_10090,Early mouse embryo,B6C3F1 females x B6D2F1 males,PN4 zygote,Hybridization probe + DAPI staining,embryo07_hyb,embryo07_hyb.ims,in_situ_genome_sequencing/embryo/embryo07,,raw,Channel 1: Hybridization probe; Channel 2: DAPI,embryo07_hyb_data_table.csv
Embryo_08,embryo08_hyb,Mus musculus,NCBITaxon,NCBITaxon_10090,Early mouse embryo,B6C3F1 females x B6D2F1 males,PN4 zygote,Hybridization probe + DAPI staining,embryo08_hyb,embryo08_hyb.ims,in_situ_genome_sequencing/embryo/embryo08,,raw,Channel 1: Hybridization probe; Channel 2: DAPI,embryo08_hyb_data_table.csv
Embryo_09,embryo09_hyb,Mus musculus,NCBITaxon,NCBITaxon_10090,Early mouse embryo,B6C3F1 females x B6D2F1 males,PN4 zygote,Hybridization probe + DAPI staining,embryo09_hyb,embryo09_hyb.ims,in_situ_genome_sequencing/embryo/embryo09,,raw,Channel 1: Hybridization probe; Channel 2: DAPI,embryo09_hyb_data_table.csv
Embryo_10,embryo10_hyb,Mus musculus,NCBITaxon,NCBITaxon_10090,Early mouse embryo,B6C3F1 females x B6D2F1 males,PN4 zygote,Hybridization probe + DAPI staining,embryo10_hyb,embryo10_hyb.ims,in_situ_genome_sequencing/embryo/embryo10,,raw,Channel 1: Hybridization probe; Channel 2: DAPI,embryo10_hyb_data_table.csv
Embryo_11,embryo11_hyb,Mus musculus,NCBITaxon,NCBITaxon_10090,Early mouse embryo,B6C3F1 females x B6D2F1 males,PN4 zygote,Hybridization probe + DAPI staining,embryo11_hyb,embryo11_hyb.ims,in_situ_genome_sequencing/embryo/embryo11,,raw,Channel 1: Hybridization probe; Channel 2: DAPI,embryo11_hyb_data_table.csv
Embryo_12,embryo12_hyb,Mus musculus,NCBITaxon,NCBITaxon_10090,Early mouse embryo,B6C3F1 females x B6D2F1 males,PN4 zygote,Hybridization probe + DAPI staining,embryo12_hyb,embryo12_hyb.ims,in_situ_genome_sequencing/embryo/embryo12,,raw,Channel 1: Hybridization probe; Channel 2: DAPI,embryo12_hyb_data_table.csv
Embryo_13,embryo13_hyb,Mus musculus,NCBITaxon,NCBITaxon_10090,Early mouse embryo,B6C3F1 females x B6D2F1 males,PN4 zygote,Hybridization probe + DAPI staining,embryo13_hyb,embryo13_hyb.ims,in_situ_genome_sequencing/embryo/embryo13,,raw,Channel 1: Hybridization probe; Channel 2: DAPI,embryo13_hyb_data_table.csv
Embryo_14,embryo14_hyb,Mus musculus,NCBITaxon,NCBITaxon_10090,Early mouse embryo,B6C3F1 females x B6D2F1 males,PN4 zygote,Hybridization probe + DAPI staining,embryo14_hyb,embryo14_hyb.ims,in_situ_genome_sequencing/embryo/embryo14,,raw,Channel 1: Hybridization probe; Channel 2: DAPI,embryo14_hyb_data_table.csv
Embryo_15,embryo15_hyb,Mus musculus,NCBITaxon,NCBITaxon_10090,Early mouse embryo,B6C3F1 females x B6D2F1 males,PN4 zygote,Hybridization probe + DAPI staining,embryo15_hyb,embryo15_hyb.ims,in_situ_genome_sequencing/embryo/embryo15,,raw,Channel 1: Hybridization probe; Channel 2: DAPI,embryo15_hyb_data_table.csv
Embryo_16,embryo16_hyb,Mus musculus,NCBITaxon,NCBITaxon_10090,Early mouse embryo,B6C3F1 females x B6D2F1 males,PN4 zygote,Hybridization probe + DAPI staining,embryo16_hyb,embryo16_hyb.ims,in_situ_genome_sequencing/embryo/embryo16,,raw,Channel 1: Hybridization probe; Channel 2: DAPI,embryo16_hyb_data_table.csv
Embryo_17,embryo17_hyb,Mus musculus,NCBITaxon,NCBITaxon_10090,Early mouse embryo,B6C3F1 females x B6D2F1 males,PN4 zygote,Hybridization probe + DAPI staining,embryo17_hyb,embryo17_hyb.ims,in_situ_genome_sequencing/embryo/embryo17,,raw,Channel 1: Hybridization probe; Channel 2: DAPI,embryo17_hyb_data_table.csv
Embryo_18,embryo18_hyb,Mus musculus,NCBITaxon,NCBITaxon_10090,Early mouse embryo,B6C3F1 females x B6D2F1 males,PN4 zygote,Hybridization probe + DAPI staining,embryo18_hyb,embryo18_hyb.ims,in_situ_genome_sequencing/embryo/embryo18,,raw,Channel 1: Hybridization probe; Channel 2: DAPI,embryo18_hyb_data_table.csv
Embryo_19,embryo19_hyb,Mus musculus,NCBITaxon,NCBITaxon_10090,Early mouse embryo,B6C3F1 females x B6D2F1 males,PN4 zygote,Hybridization probe + DAPI staining,embryo19_hyb,embryo19_hyb.ims,in_situ_genome_sequencing/embryo/embryo19,,raw,Channel 1: Hybridization probe; Channel 2: DAPI,embryo19_hyb_data_table.csv
Embryo_20,embryo20_hyb,Mus musculus,NCBITaxon,NCBITaxon_10090,Early mouse embryo,B6C3F1 females x B6D2F1 males,PN4 zygote,Hybridization probe + DAPI staining,embryo20_hyb,embryo20_hyb.ims,in_situ_genome_sequencing/embryo/embryo20,,raw,Channel 1: Hybridization probe; Channel 2: DAPI,embryo20_hyb_data_table.csv
Embryo_21,embryo21_hyb,Mus musculus,NCBITaxon,NCBITaxon_10090,Early mouse embryo,B6C3F1 females x B6D2F1 males,PN4 zygote,Hybridization probe + DAPI staining,embryo21_hyb,embryo21_hyb.ims,in_situ_genome_sequencing/embryo/embryo21,,raw,Channel 1: Hybridization probe; Channel 2: DAPI,embryo21_hyb_data_table.csv
Embryo_22,embryo22_hyb,Mus musculus,NCBITaxon,NCBITaxon_10090,Early mouse embryo,B6C3F1 females x B6D2F1 males,PN4 zygote,Hybridization probe + DAPI staining,embryo22_hyb,embryo22_hyb.ims,in_situ_genome_sequencing/embryo/embryo22,,raw,Channel 1: Hybridization probe; Channel 2: DAPI,embryo22_hyb_data_table.csv
Embryo_23,embryo23_hyb,Mus musculus,NCBITaxon,NCBITaxon_10090,Early mouse embryo,B6C3F1 females x B6D2F1 males,PN4 zygote,Hybridization probe + DAPI staining,embryo23_hyb,embryo23_hyb.ims,in_situ_genome_sequencing/embryo/embryo23,,raw,Channel 1: Hybridization probe; Channel 2: DAPI,embryo23_hyb_data_table.csv
Embryo_24,embryo24_hyb,Mus musculus,NCBITaxon,NCBITaxon_10090,Early mouse embryo,B6C3F1 females x B6D2F1 males,PN4 zygote,Hybridization probe + DAPI staining,embryo24_hyb,embryo24_hyb.ims,in_situ_genome_sequencing/embryo/embryo24,,raw,Channel 1: Hybridization probe; Channel 2: DAPI,embryo24_hyb_data_table.csv
Embryo_25,embryo25_hyb,Mus musculus,NCBITaxon,NCBITaxon_10090,Early mouse embryo,B6C3F1 females x B6D2F1 males,late 2-cell,Hybridization probe + DAPI staining,embryo25_hyb,embryo25_hyb.ims,in_situ_genome_sequencing/embryo/embryo25,,raw,Channel 1: Hybridization probe; Channel 2: DAPI,embryo25_hyb_data_table.csv
Embryo_26,embryo26_hyb,Mus musculus,NCBITaxon,NCBITaxon_10090,Early mouse embryo,B6C3F1 females x B6D2F1 males,late 2-cell,Hybridization probe + DAPI staining,embryo26_hyb,embryo26_hyb.ims,in_situ_genome_sequencing/embryo/embryo26,,raw,Channel 1: Hybridization probe; Channel 2: DAPI,embryo26_hyb_data_table.csv
Embryo_27,embryo27_hyb,Mus musculus,NCBITaxon,NCBITaxon_10090,Early mouse embryo,B6C3F1 females x B6D2F1 males,late 2-cell,Hybridization probe + DAPI staining,embryo27_hyb,embryo27_hyb.ims,in_situ_genome_sequencing/embryo/embryo27,,raw,Channel 1: Hybridization probe; Channel 2: DAPI,embryo27_hyb_data_table.csv
Embryo_28,embryo28_hyb,Mus musculus,NCBITaxon,NCBITaxon_10090,Early mouse embryo,B6C3F1 females x B6D2F1 males,late 2-cell,Hybridization probe + DAPI staining,embryo28_hyb,embryo28_hyb.ims,in_situ_genome_sequencing/embryo/embryo28,,raw,Channel 1: Hybridization probe; Channel 2: DAPI,embryo28_hyb_data_table.csv
Embryo_29,embryo29_hyb,Mus musculus,NCBITaxon,NCBITaxon_10090,Early mouse embryo,B6C3F1 females x B6D2F1 males,late 2-cell,Hybridization probe + DAPI staining,embryo29_hyb,embryo29_hyb.ims,in_situ_genome_sequencing/embryo/embryo29,,raw,Channel 1: Hybridization probe; Channel 2: DAPI,embryo29_hyb_data_table.csv
Embryo_30,embryo30_hyb,Mus musculus,NCBITaxon,NCBITaxon_10090,Early mouse embryo,B6C3F1 females x B6D2F1 males,late 2-cell,Hybridization probe + DAPI staining,embryo30_hyb,embryo30_hyb.ims,in_situ_genome_sequencing/embryo/embryo30,,raw,Channel 1: Hybridization probe; Channel 2: DAPI,embryo30_hyb_data_table.csv
Embryo_31,embryo31_hyb,Mus musculus,NCBITaxon,NCBITaxon_10090,Early mouse embryo,B6C3F1 females x B6D2F1 males,late 2-cell,Hybridization probe + DAPI staining,embryo31_hyb,embryo31_hyb.ims,in_situ_genome_sequencing/embryo/embryo31,,raw,Channel 1: Hybridization probe; Channel 2: DAPI,embryo31_hyb_data_table.csv
Embryo_32,embryo32_hyb,Mus musculus,NCBITaxon,NCBITaxon_10090,Early mouse embryo,B6C3F1 females x B6D2F1 males,late 2-cell,Hybridization probe + DAPI staining,embryo32_hyb,embryo32_hyb.ims,in_situ_genome_sequencing/embryo/embryo32,,raw,Channel 1: Hybridization probe; Channel 2: DAPI,embryo32_hyb_data_table.csv
Embryo_33,embryo33_hyb,Mus musculus,NCBITaxon,NCBITaxon_10090,Early mouse embryo,B6C3F1 females x B6D2F1 males,late 2-cell,Hybridization probe + DAPI staining,embryo33_hyb,embryo33_hyb.ims,in_situ_genome_sequencing/embryo/embryo33,,raw,Channel 1: Hybridization probe; Channel 2: DAPI,embryo33_hyb_data_table.csv
Embryo_34,embryo34_hyb,Mus musculus,NCBITaxon,NCBITaxon_10090,Early mouse embryo,B6C3F1 females x B6D2F1 males,late 2-cell,Hybridization probe + DAPI staining,embryo34_hyb,embryo34_hyb.ims,in_situ_genome_sequencing/embryo/embryo34,,raw,Channel 1: Hybridization probe; Channel 2: DAPI,embryo34_hyb_data_table.csv
Embryo_35,embryo35_hyb,Mus musculus,NCBITaxon,NCBITaxon_10090,Early mouse embryo,B6C3F1 females x B6D2F1 males,late 2-cell,Hybridization probe + DAPI staining,embryo35_hyb,embryo35_hyb.ims,in_situ_genome_sequencing/embryo/embryo35,,raw,Channel 1: Hybridization probe; Channel 2: DAPI,embryo35_hyb_data_table.csv
Embryo_36,embryo36_hyb,Mus musculus,NCBITaxon,NCBITaxon_10090,Early mouse embryo,B6C3F1 females x B6D2F1 males,late 2-cell,Hybridization probe + DAPI staining,embryo36_hyb,embryo36_hyb.ims,in_situ_genome_sequencing/embryo/embryo36,,raw,Channel 1: Hybridization probe; Channel 2: DAPI,embryo36_hyb_data_table.csv
Embryo_37,embryo37_hyb,Mus musculus,NCBITaxon,NCBITaxon_10090,Early mouse embryo,B6C3F1 females x B6D2F1 males,late 2-cell,Hybridization probe + DAPI staining,embryo37_hyb,embryo37_hyb.ims,in_situ_genome_sequencing/embryo/embryo37,,raw,Channel 1: Hybridization probe; Channel 2: DAPI,embryo37_hyb_data_table.csv
Embryo_38,embryo38_hyb,Mus musculus,NCBITaxon,NCBITaxon_10090,Early mouse embryo,B6C3F1 females x B6D2F1 males,late 2-cell,Hybridization probe + DAPI staining,embryo38_hyb,embryo38_hyb.ims,in_situ_genome_sequencing/embryo/embryo38,,raw,Channel 1: Hybridization probe; Channel 2: DAPI,embryo38_hyb_data_table.csv
Embryo_39,embryo39_hyb,Mus musculus,NCBITaxon,NCBITaxon_10090,Early mouse embryo,B6C3F1 females x B6D2F1 males,late 2-cell,Hybridization probe + DAPI staining,embryo39_hyb,embryo39_hyb.ims,in_situ_genome_sequencing/embryo/embryo39,,raw,Channel 1: Hybridization probe; Channel 2: DAPI,embryo39_hyb_data_table.csv
Embryo_40,embryo40_hyb,Mus musculus,NCBITaxon,NCBITaxon_10090,Early mouse embryo,B6C3F1 females x B6D2F1 males,late 2-cell,Hybridization probe + DAPI staining,embryo40_hyb,embryo40_hyb.ims,in_situ_genome_sequencing/embryo/embryo40,,raw,Channel 1: Hybridization probe; Channel 2: DAPI,embryo40_hyb_data_table.csv
Embryo_41,embryo41_hyb,Mus musculus,NCBITaxon,NCBITaxon_10090,Early mouse embryo,B6C3F1 females x B6D2F1 males,late 2-cell,Hybridization probe + DAPI staining,embryo41_hyb,embryo41_hyb.ims,in_situ_genome_sequencing/embryo/embryo41,,raw,Channel 1: Hybridization probe; Channel 2: DAPI,embryo41_hyb_data_table.csv
Embryo_42,embryo42_hyb,Mus musculus,NCBITaxon,NCBITaxon_10090,Early mouse embryo,B6C3F1 females x B6D2F1 males,late 2-cell,Hybridization probe + DAPI staining,embryo42_hyb,embryo42_hyb.ims,in_situ_genome_sequencing/embryo/embryo42,,raw,Channel 1: Hybridization probe; Channel 2: DAPI,embryo42_hyb_data_table.csv
Embryo_43,embryo43_hyb,Mus musculus,NCBITaxon,NCBITaxon_10090,Early mouse embryo,B6C3F1 females x B6D2F1 males,late 2-cell,Hybridization probe + DAPI staining,embryo43_hyb,embryo43_hyb.ims,in_situ_genome_sequencing/embryo/embryo43,,raw,Channel 1: Hybridization probe; Channel 2: DAPI,embryo43_hyb_data_table.csv
Embryo_44,embryo44_hyb,Mus musculus,NCBITaxon,NCBITaxon_10090,Early mouse embryo,B6C3F1 females x B6D2F1 males,late 2-cell,Hybridization probe + DAPI staining,embryo44_hyb,embryo44_hyb.ims,in_situ_genome_sequencing/embryo/embryo44,,raw,Channel 1: Hybridization probe; Channel 2: DAPI,embryo44_hyb_data_table.csv
Embryo_45,embryo45_hyb,Mus musculus,NCBITaxon,NCBITaxon_10090,Early mouse embryo,B6C3F1 females x B6D2F1 males,early 4-cell,Hybridization probe + DAPI staining,embryo45_hyb,embryo45_hyb.ims,in_situ_genome_sequencing/embryo/embryo45,,raw,Channel 1: Hybridization probe; Channel 2: DAPI,embryo45_hyb_data_table.csv
Embryo_46,embryo46_hyb,Mus musculus,NCBITaxon,NCBITaxon_10090,Early mouse embryo,B6C3F1 females x B6D2F1 males,early 4-cell,Hybridization probe + DAPI staining,embryo46_hyb,embryo46_hyb.ims,in_situ_genome_sequencing/embryo/embryo46,,raw,Channel 1: Hybridization probe; Channel 2: DAPI,embryo46_hyb_data_table.csv
Embryo_47,embryo47_hyb,Mus musculus,NCBITaxon,NCBITaxon_10090,Early mouse embryo,B6C3F1 females x B6D2F1 males,early 4-cell,Hybridization probe + DAPI staining,embryo47_hyb,embryo47_hyb.ims,in_situ_genome_sequencing/embryo/embryo47,,raw,Channel 1: Hybridization probe; Channel 2: DAPI,embryo47_hyb_data_table.csv
Embryo_48,embryo48_hyb,Mus musculus,NCBITaxon,NCBITaxon_10090,Early mouse embryo,B6C3F1 females x B6D2F1 males,early 4-cell,Hybridization probe + DAPI staining,embryo48_hyb,embryo48_hyb.ims,in_situ_genome_sequencing/embryo/embryo48,,raw,Channel 1: Hybridization probe; Channel 2: DAPI,embryo48_hyb_data_table.csv
Embryo_49,embryo49_hyb,Mus musculus,NCBITaxon,NCBITaxon_10090,Early mouse embryo,B6C3F1 females x B6D2F1 males,early 4-cell,Hybridization probe + DAPI staining,embryo49_hyb,embryo49_hyb.ims,in_situ_genome_sequencing/embryo/embryo49,,raw,Channel 1: Hybridization probe; Channel 2: DAPI,embryo49_hyb_data_table.csv
Embryo_50,embryo50_hyb,Mus musculus,NCBITaxon,NCBITaxon_10090,Early mouse embryo,B6C3F1 females x B6D2F1 males,early 4-cell,Hybridization probe + DAPI staining,embryo50_hyb,embryo50_hyb.ims,in_situ_genome_sequencing/embryo/embryo50,,raw,Channel 1: Hybridization probe; Channel 2: DAPI,embryo50_hyb_data_table.csv
Embryo_51,embryo51_hyb,Mus musculus,NCBITaxon,NCBITaxon_10090,Early mouse embryo,B6C3F1 females x B6D2F1 males,early 4-cell,Hybridization probe + DAPI staining,embryo51_hyb,embryo51_hyb.ims,in_situ_genome_sequencing/embryo/embryo51,,raw,Channel 1: Hybridization probe; Channel 2: DAPI,embryo51_hyb_data_table.csv
Embryo_52,embryo52_hyb,Mus musculus,NCBITaxon,NCBITaxon_10090,Early mouse embryo,B6C3F1 females x B6D2F1 males,early 4-cell,Hybridization probe + DAPI staining,embryo52_hyb,embryo52_hyb.ims,in_situ_genome_sequencing/embryo/embryo52,,raw,Channel 1: Hybridization probe; Channel 2: DAPI,embryo52_hyb_data_table.csv
Embryo_53,embryo53_hyb,Mus musculus,NCBITaxon,NCBITaxon_10090,Early mouse embryo,B6C3F1 females x B6D2F1 males,early 4-cell,Hybridization probe + DAPI staining,embryo53_hyb,embryo53_hyb.ims,in_situ_genome_sequencing/embryo/embryo53,,raw,Channel 1: Hybridization probe; Channel 2: DAPI,embryo53_hyb_data_table.csv
Embryo_54,embryo54_hyb,Mus musculus,NCBITaxon,NCBITaxon_10090,Early mouse embryo,B6C3F1 females x B6D2F1 males,early 4-cell,Hybridization probe + DAPI staining,embryo54_hyb,embryo54_hyb.ims,in_situ_genome_sequencing/embryo/embryo54,,raw,Channel 1: Hybridization probe; Channel 2: DAPI,embryo54_hyb_data_table.csv
Embryo_55,embryo55_hyb,Mus musculus,NCBITaxon,NCBITaxon_10090,Early mouse embryo,B6C3F1 females x B6D2F1 males,early 4-cell,Hybridization probe + DAPI staining,embryo55_hyb,embryo55_hyb.ims,in_situ_genome_sequencing/embryo/embryo55,,raw,Channel 1: Hybridization probe; Channel 2: DAPI,embryo55_hyb_data_table.csv
Embryo_56,embryo56_hyb,Mus musculus,NCBITaxon,NCBITaxon_10090,Early mouse embryo,B6C3F1 females x B6D2F1 males,early 4-cell,Hybridization probe + DAPI staining,embryo56_hyb,embryo56_hyb.ims,in_situ_genome_sequencing/embryo/embryo56,,raw,Channel 1: Hybridization probe; Channel 2: DAPI,embryo56_hyb_data_table.csv
Embryo_57,embryo57_hyb,Mus musculus,NCBITaxon,NCBITaxon_10090,Early mouse embryo,B6C3F1 females x B6D2F1 males,early 4-cell,Hybridization probe + DAPI staining,embryo57_hyb,embryo57_hyb.ims,in_situ_genome_sequencing/embryo/embryo57,,raw,Channel 1: Hybridization probe; Channel 2: DAPI,embryo57_hyb_data_table.csv
Embryo_01,embryo01_stain,Mus musculus,NCBITaxon,NCBITaxon_10090,Early mouse embryo,B6C3F1 females x B6D2F1 males,PN4 zygote,Immunofluoresence,embryo01_stain,embryo01_stain.ims,in_situ_genome_sequencing/embryo/embryo01,,raw,Channel 1: Lamin-B; Channel 2: CENP-A;  Channel 3: DAPI; Channel 4: N/A,embryo01_stain_data_table.csv
Embryo_02,embryo02_stain,Mus musculus,NCBITaxon,NCBITaxon_10090,Early mouse embryo,B6C3F1 females x B6D2F1 males,PN4 zygote,Immunofluoresence,embryo02_stain,embryo02_stain.ims,in_situ_genome_sequencing/embryo/embryo02,,raw,Channel 1: Lamin-B; Channel 2: CENP-A;  Channel 3: DAPI; Channel 4: N/A,embryo02_stain_data_table.csv
Embryo_03,embryo03_stain,Mus musculus,NCBITaxon,NCBITaxon_10090,Early mouse embryo,B6C3F1 females x B6D2F1 males,PN4 zygote,Immunofluoresence,embryo03_stain,embryo03_stain.ims,in_situ_genome_sequencing/embryo/embryo03,,raw,Channel 1: Lamin-B; Channel 2: CENP-A;  Channel 3: DAPI; Channel 4: N/A,embryo03_stain_data_table.csv
Embryo_04,embryo04_stain,Mus musculus,NCBITaxon,NCBITaxon_10090,Early mouse embryo,B6C3F1 females x B6D2F1 males,PN4 zygote,Immunofluoresence,embryo04_stain,embryo04_stain.ims,in_situ_genome_sequencing/embryo/embryo04,,raw,Channel 1: Lamin-B; Channel 2: CENP-A;  Channel 3: DAPI; Channel 4: N/A,embryo04_stain_data_table.csv
Embryo_05,embryo05_stain,Mus musculus,NCBITaxon,NCBITaxon_10090,Early mouse embryo,B6C3F1 females x B6D2F1 males,PN4 zygote,Immunofluoresence,embryo05_stain,embryo05_stain.ims,in_situ_genome_sequencing/embryo/embryo05,,raw,Channel 1: Lamin-B; Channel 2: CENP-A;  Channel 3: DAPI; Channel 4: N/A,embryo05_stain_data_table.csv
Embryo_06,embryo06_stain,Mus musculus,NCBITaxon,NCBITaxon_10090,Early mouse embryo,B6C3F1 females x B6D2F1 males,PN4 zygote,Immunofluoresence,embryo06_stain,embryo06_stain.ims,in_situ_genome_sequencing/embryo/embryo06,,raw,Channel 1: Lamin-B; Channel 2: CENP-A;  Channel 3: DAPI; Channel 4: N/A,embryo06_stain_data_table.csv
Embryo_07,embryo07_stain,Mus musculus,NCBITaxon,NCBITaxon_10090,Early mouse embryo,B6C3F1 females x B6D2F1 males,PN4 zygote,Immunofluoresence,embryo07_stain,embryo07_stain.ims,in_situ_genome_sequencing/embryo/embryo07,,raw,Channel 1: Lamin-B; Channel 2: CENP-A;  Channel 3: DAPI; Channel 4: N/A,embryo07_stain_data_table.csv
Embryo_08,embryo08_stain,Mus musculus,NCBITaxon,NCBITaxon_10090,Early mouse embryo,B6C3F1 females x B6D2F1 males,PN4 zygote,Immunofluoresence,embryo08_stain,embryo08_stain.ims,in_situ_genome_sequencing/embryo/embryo08,,raw,Channel 1: Lamin-B; Channel 2: CENP-A;  Channel 3: DAPI; Channel 4: N/A,embryo08_stain_data_table.csv
Embryo_09,embryo09_stain,Mus musculus,NCBITaxon,NCBITaxon_10090,Early mouse embryo,B6C3F1 females x B6D2F1 males,PN4 zygote,Immunofluoresence,embryo09_stain,embryo09_stain.ims,in_situ_genome_sequencing/embryo/embryo09,,raw,Channel 1: Lamin-B; Channel 2: CENP-A;  Channel 3: DAPI; Channel 4: N/A,embryo09_stain_data_table.csv
Embryo_10,embryo10_stain,Mus musculus,NCBITaxon,NCBITaxon_10090,Early mouse embryo,B6C3F1 females x B6D2F1 males,PN4 zygote,Immunofluoresence,embryo10_stain,embryo10_stain.ims,in_situ_genome_sequencing/embryo/embryo10,,raw,Channel 1: Lamin-B; Channel 2: CENP-A;  Channel 3: DAPI; Channel 4: N/A,embryo10_stain_data_table.csv
Embryo_11,embryo11_stain,Mus musculus,NCBITaxon,NCBITaxon_10090,Early mouse embryo,B6C3F1 females x B6D2F1 males,PN4 zygote,Immunofluoresence,embryo11_stain,embryo11_stain.ims,in_situ_genome_sequencing/embryo/embryo11,,raw,Channel 1: Lamin-B; Channel 2: CENP-A;  Channel 3: DAPI; Channel 4: N/A,embryo11_stain_data_table.csv
Embryo_12,embryo12_stain,Mus musculus,NCBITaxon,NCBITaxon_10090,Early mouse embryo,B6C3F1 females x B6D2F1 males,PN4 zygote,Immunofluoresence,embryo12_stain,embryo12_stain.ims,in_situ_genome_sequencing/embryo/embryo12,,raw,Channel 1: Lamin-B; Channel 2: CENP-A;  Channel 3: DAPI; Channel 4: N/A,embryo12_stain_data_table.csv
Embryo_13,embryo13_stain,Mus musculus,NCBITaxon,NCBITaxon_10090,Early mouse embryo,B6C3F1 females x B6D2F1 males,PN4 zygote,Immunofluoresence,embryo13_stain,embryo13_stain.ims,in_situ_genome_sequencing/embryo/embryo13,,raw,Channel 1: Lamin-B; Channel 2: CENP-A;  Channel 3: DAPI; Channel 4: N/A,embryo13_stain_data_table.csv
Embryo_14,embryo14_stain,Mus musculus,NCBITaxon,NCBITaxon_10090,Early mouse embryo,B6C3F1 females x B6D2F1 males,PN4 zygote,Immunofluoresence,embryo14_stain,embryo14_stain.ims,in_situ_genome_sequencing/embryo/embryo14,,raw,Channel 1: Lamin-B; Channel 2: CENP-A;  Channel 3: DAPI; Channel 4: N/A,embryo14_stain_data_table.csv
Embryo_15,embryo15_stain,Mus musculus,NCBITaxon,NCBITaxon_10090,Early mouse embryo,B6C3F1 females x B6D2F1 males,PN4 zygote,Immunofluoresence,embryo15_stain,embryo15_stain.ims,in_situ_genome_sequencing/embryo/embryo15,,raw,Channel 1: Lamin-B; Channel 2: CENP-A;  Channel 3: DAPI; Channel 4: N/A,embryo15_stain_data_table.csv
Embryo_16,embryo16_stain,Mus musculus,NCBITaxon,NCBITaxon_10090,Early mouse embryo,B6C3F1 females x B6D2F1 males,PN4 zygote,Immunofluoresence,embryo16_stain,embryo16_stain.ims,in_situ_genome_sequencing/embryo/embryo16,,raw,Channel 1: Lamin-B; Channel 2: CENP-A;  Channel 3: DAPI; Channel 4: N/A,embryo16_stain_data_table.csv
Embryo_17,embryo17_stain,Mus musculus,NCBITaxon,NCBITaxon_10090,Early mouse embryo,B6C3F1 females x B6D2F1 males,PN4 zygote,Immunofluoresence,embryo17_stain,embryo17_stain.ims,in_situ_genome_sequencing/embryo/embryo17,,raw,Channel 1: Lamin-B; Channel 2: CENP-A;  Channel 3: DAPI; Channel 4: N/A,embryo17_stain_data_table.csv
Embryo_18,embryo18_stain,Mus musculus,NCBITaxon,NCBITaxon_10090,Early mouse embryo,B6C3F1 females x B6D2F1 males,PN4 zygote,Immunofluoresence,embryo18_stain,embryo18_stain.ims,in_situ_genome_sequencing/embryo/embryo18,,raw,Channel 1: Lamin-B; Channel 2: CENP-A;  Channel 3: DAPI; Channel 4: N/A,embryo18_stain_data_table.csv
Embryo_19,embryo19_stain,Mus musculus,NCBITaxon,NCBITaxon_10090,Early mouse embryo,B6C3F1 females x B6D2F1 males,PN4 zygote,Immunofluoresence,embryo19_stain,embryo19_stain.ims,in_situ_genome_sequencing/embryo/embryo19,,raw,Channel 1: Lamin-B; Channel 2: CENP-A;  Channel 3: DAPI; Channel 4: N/A,embryo19_stain_data_table.csv
Embryo_20,embryo20_stain,Mus musculus,NCBITaxon,NCBITaxon_10090,Early mouse embryo,B6C3F1 females x B6D2F1 males,PN4 zygote,Immunofluoresence,embryo20_stain,embryo20_stain.ims,in_situ_genome_sequencing/embryo/embryo20,,raw,Channel 1: Lamin-B; Channel 2: CENP-A;  Channel 3: DAPI; Channel 4: N/A,embryo20_stain_data_table.csv
Embryo_21,embryo21_stain,Mus musculus,NCBITaxon,NCBITaxon_10090,Early mouse embryo,B6C3F1 females x B6D2F1 males,PN4 zygote,Immunofluoresence,embryo21_stain,embryo21_stain.ims,in_situ_genome_sequencing/embryo/embryo21,,raw,Channel 1: Lamin-B; Channel 2: CENP-A;  Channel 3: DAPI; Channel 4: N/A,embryo21_stain_data_table.csv
Embryo_22,embryo22_stain,Mus musculus,NCBITaxon,NCBITaxon_10090,Early mouse embryo,B6C3F1 females x B6D2F1 males,PN4 zygote,Immunofluoresence,embryo22_stain,embryo22_stain.ims,in_situ_genome_sequencing/embryo/embryo22,,raw,Channel 1: Lamin-B; Channel 2: CENP-A;  Channel 3: DAPI; Channel 4: N/A,embryo22_stain_data_table.csv
Embryo_23,embryo23_stain,Mus musculus,NCBITaxon,NCBITaxon_10090,Early mouse embryo,B6C3F1 females x B6D2F1 males,PN4 zygote,Immunofluoresence,embryo23_stain,embryo23_stain.ims,in_situ_genome_sequencing/embryo/embryo23,,raw,Channel 1: Lamin-B; Channel 2: CENP-A;  Channel 3: DAPI; Channel 4: N/A,embryo23_stain_data_table.csv
Embryo_24,embryo24_stain,Mus musculus,NCBITaxon,NCBITaxon_10090,Early mouse embryo,B6C3F1 females x B6D2F1 males,PN4 zygote,Immunofluoresence,embryo24_stain,embryo24_stain.ims,in_situ_genome_sequencing/embryo/embryo24,,raw,Channel 1: Lamin-B; Channel 2: CENP-A;  Channel 3: DAPI; Channel 4: N/A,embryo24_stain_data_table.csv
Embryo_25,embryo25_stain,Mus musculus,NCBITaxon,NCBITaxon_10090,Early mouse embryo,B6C3F1 females x B6D2F1 males,late 2-cell,Immunofluoresence,embryo25_stain,embryo25_stain.ims,in_situ_genome_sequencing/embryo/embryo25,,raw,Channel 1: Lamin-B; Channel 2: CENP-A;  Channel 3: DAPI; Channel 4: N/A,embryo25_stain_data_table.csv
Embryo_26,embryo26_stain,Mus musculus,NCBITaxon,NCBITaxon_10090,Early mouse embryo,B6C3F1 females x B6D2F1 males,late 2-cell,Immunofluoresence,embryo26_stain,embryo26_stain.ims,in_situ_genome_sequencing/embryo/embryo26,,raw,Channel 1: Lamin-B; Channel 2: CENP-A;  Channel 3: DAPI; Channel 4: N/A,embryo26_stain_data_table.csv
Embryo_27,embryo27_stain,Mus musculus,NCBITaxon,NCBITaxon_10090,Early mouse embryo,B6C3F1 females x B6D2F1 males,late 2-cell,Immunofluoresence,embryo27_stain,embryo27_stain.ims,in_situ_genome_sequencing/embryo/embryo27,,raw,Channel 1: Lamin-B; Channel 2: CENP-A;  Channel 3: DAPI; Channel 4: N/A,embryo27_stain_data_table.csv
Embryo_28,embryo28_stain,Mus musculus,NCBITaxon,NCBITaxon_10090,Early mouse embryo,B6C3F1 females x B6D2F1 males,late 2-cell,Immunofluoresence,embryo28_stain,embryo28_stain.ims,in_situ_genome_sequencing/embryo/embryo28,,raw,Channel 1: Lamin-B; Channel 2: CENP-A;  Channel 3: DAPI; Channel 4: N/A,embryo28_stain_data_table.csv
Embryo_29,embryo29_stain,Mus musculus,NCBITaxon,NCBITaxon_10090,Early mouse embryo,B6C3F1 females x B6D2F1 males,late 2-cell,Immunofluoresence,embryo29_stain,embryo29_stain.ims,in_situ_genome_sequencing/embryo/embryo29,,raw,Channel 1: Lamin-B; Channel 2: CENP-A;  Channel 3: DAPI; Channel 4: N/A,embryo29_stain_data_table.csv
Embryo_30,embryo30_stain,Mus musculus,NCBITaxon,NCBITaxon_10090,Early mouse embryo,B6C3F1 females x B6D2F1 males,late 2-cell,Immunofluoresence,embryo30_stain,embryo30_stain.ims,in_situ_genome_sequencing/embryo/embryo30,,raw,Channel 1: Lamin-B; Channel 2: CENP-A;  Channel 3: DAPI; Channel 4: N/A,embryo30_stain_data_table.csv
Embryo_31,embryo31_stain,Mus musculus,NCBITaxon,NCBITaxon_10090,Early mouse embryo,B6C3F1 females x B6D2F1 males,late 2-cell,Immunofluoresence,embryo31_stain,embryo31_stain.ims,in_situ_genome_sequencing/embryo/embryo31,,raw,Channel 1: Lamin-B; Channel 2: CENP-A;  Channel 3: DAPI; Channel 4: N/A,embryo31_stain_data_table.csv
Embryo_32,embryo32_stain,Mus musculus,NCBITaxon,NCBITaxon_10090,Early mouse embryo,B6C3F1 females x B6D2F1 males,late 2-cell,Immunofluoresence,embryo32_stain,embryo32_stain.ims,in_situ_genome_sequencing/embryo/embryo32,,raw,Channel 1: Lamin-B; Channel 2: CENP-A;  Channel 3: DAPI; Channel 4: N/A,embryo32_stain_data_table.csv
Embryo_33,embryo33_stain,Mus musculus,NCBITaxon,NCBITaxon_10090,Early mouse embryo,B6C3F1 females x B6D2F1 males,late 2-cell,Immunofluoresence,embryo33_stain,embryo33_stain.ims,in_situ_genome_sequencing/embryo/embryo33,,raw,Channel 1: Lamin-B; Channel 2: CENP-A;  Channel 3: DAPI; Channel 4: N/A,embryo33_stain_data_table.csv
Embryo_34,embryo34_stain,Mus musculus,NCBITaxon,NCBITaxon_10090,Early mouse embryo,B6C3F1 females x B6D2F1 males,late 2-cell,Immunofluoresence,embryo34_stain,embryo34_stain.ims,in_situ_genome_sequencing/embryo/embryo34,,raw,Channel 1: Lamin-B; Channel 2: CENP-A;  Channel 3: DAPI; Channel 4: N/A,embryo34_stain_data_table.csv
Embryo_35,embryo35_stain,Mus musculus,NCBITaxon,NCBITaxon_10090,Early mouse embryo,B6C3F1 females x B6D2F1 males,late 2-cell,Immunofluoresence,embryo35_stain,embryo35_stain.ims,in_situ_genome_sequencing/embryo/embryo35,,raw,Channel 1: Lamin-B; Channel 2: CENP-A;  Channel 3: DAPI; Channel 4: N/A,embryo35_stain_data_table.csv
Embryo_36,embryo36_stain,Mus musculus,NCBITaxon,NCBITaxon_10090,Early mouse embryo,B6C3F1 females x B6D2F1 males,late 2-cell,Immunofluoresence,embryo36_stain,embryo36_stain.ims,in_situ_genome_sequencing/embryo/embryo36,,raw,Channel 1: Lamin-B; Channel 2: CENP-A;  Channel 3: DAPI; Channel 4: N/A,embryo36_stain_data_table.csv
Embryo_37,embryo37_stain,Mus musculus,NCBITaxon,NCBITaxon_10090,Early mouse embryo,B6C3F1 females x B6D2F1 males,late 2-cell,Immunofluoresence,embryo37_stain,embryo37_stain.ims,in_situ_genome_sequencing/embryo/embryo37,,raw,Channel 1: Lamin-B; Channel 2: CENP-A;  Channel 3: DAPI; Channel 4: N/A,embryo37_stain_data_table.csv
Embryo_38,embryo38_stain,Mus musculus,NCBITaxon,NCBITaxon_10090,Early mouse embryo,B6C3F1 females x B6D2F1 males,late 2-cell,Immunofluoresence,embryo38_stain,embryo38_stain.ims,in_situ_genome_sequencing/embryo/embryo38,,raw,Channel 1: Lamin-B; Channel 2: CENP-A;  Channel 3: DAPI; Channel 4: N/A,embryo38_stain_data_table.csv
Embryo_39,embryo39_stain,Mus musculus,NCBITaxon,NCBITaxon_10090,Early mouse embryo,B6C3F1 females x B6D2F1 males,late 2-cell,Immunofluoresence,embryo39_stain,embryo39_stain.ims,in_situ_genome_sequencing/embryo/embryo39,,raw,Channel 1: Lamin-B; Channel 2: CENP-A;  Channel 3: DAPI; Channel 4: N/A,embryo39_stain_data_table.csv
Embryo_40,embryo40_stain,Mus musculus,NCBITaxon,NCBITaxon_10090,Early mouse embryo,B6C3F1 females x B6D2F1 males,late 2-cell,Immunofluoresence,embryo40_stain,embryo40_stain.ims,in_situ_genome_sequencing/embryo/embryo40,,raw,Channel 1: Lamin-B; Channel 2: CENP-A;  Channel 3: DAPI; Channel 4: N/A,embryo40_stain_data_table.csv
Embryo_41,embryo41_stain,Mus musculus,NCBITaxon,NCBITaxon_10090,Early mouse embryo,B6C3F1 females x B6D2F1 males,late 2-cell,Immunofluoresence,embryo41_stain,embryo41_stain.ims,in_situ_genome_sequencing/embryo/embryo41,,raw,Channel 1: Lamin-B; Channel 2: CENP-A;  Channel 3: DAPI; Channel 4: N/A,embryo41_stain_data_table.csv
Embryo_42,embryo42_stain,Mus musculus,NCBITaxon,NCBITaxon_10090,Early mouse embryo,B6C3F1 females x B6D2F1 males,late 2-cell,Immunofluoresence,embryo42_stain,embryo42_stain.ims,in_situ_genome_sequencing/embryo/embryo42,,raw,Channel 1: Lamin-B; Channel 2: CENP-A;  Channel 3: DAPI; Channel 4: N/A,embryo42_stain_data_table.csv
Embryo_43,embryo43_stain,Mus musculus,NCBITaxon,NCBITaxon_10090,Early mouse embryo,B6C3F1 females x B6D2F1 males,late 2-cell,Immunofluoresence,embryo43_stain,embryo43_stain.ims,in_situ_genome_sequencing/embryo/embryo43,,raw,Channel 1: Lamin-B; Channel 2: CENP-A;  Channel 3: DAPI; Channel 4: N/A,embryo43_stain_data_table.csv
Embryo_44,embryo44_stain,Mus musculus,NCBITaxon,NCBITaxon_10090,Early mouse embryo,B6C3F1 females x B6D2F1 males,late 2-cell,Immunofluoresence,embryo44_stain,embryo44_stain.ims,in_situ_genome_sequencing/embryo/embryo44,,raw,Channel 1: Lamin-B; Channel 2: CENP-A;  Channel 3: DAPI; Channel 4: N/A,embryo44_stain_data_table.csv
Embryo_45,embryo45_stain,Mus musculus,NCBITaxon,NCBITaxon_10090,Early mouse embryo,B6C3F1 females x B6D2F1 males,early 4-cell,Immunofluoresence,embryo45_stain,embryo45_stain.ims,in_situ_genome_sequencing/embryo/embryo45,,raw,Channel 1: Lamin-B; Channel 2: CENP-A;  Channel 3: DAPI; Channel 4: N/A,embryo45_stain_data_table.csv
Embryo_46,embryo46_stain,Mus musculus,NCBITaxon,NCBITaxon_10090,Early mouse embryo,B6C3F1 females x B6D2F1 males,early 4-cell,Immunofluoresence,embryo46_stain,embryo46_stain.ims,in_situ_genome_sequencing/embryo/embryo46,,raw,Channel 1: Lamin-B; Channel 2: CENP-A;  Channel 3: DAPI; Channel 4: N/A,embryo46_stain_data_table.csv
Embryo_47,embryo47_stain,Mus musculus,NCBITaxon,NCBITaxon_10090,Early mouse embryo,B6C3F1 females x B6D2F1 males,early 4-cell,Immunofluoresence,embryo47_stain,embryo47_stain.ims,in_situ_genome_sequencing/embryo/embryo47,,raw,Channel 1: Lamin-B; Channel 2: CENP-A;  Channel 3: DAPI; Channel 4: N/A,embryo47_stain_data_table.csv
Embryo_48,embryo48_stain,Mus musculus,NCBITaxon,NCBITaxon_10090,Early mouse embryo,B6C3F1 females x B6D2F1 males,early 4-cell,Immunofluoresence,embryo48_stain,embryo48_stain.ims,in_situ_genome_sequencing/embryo/embryo48,,raw,Channel 1: Lamin-B; Channel 2: CENP-A;  Channel 3: DAPI; Channel 4: N/A,embryo48_stain_data_table.csv
Embryo_49,embryo49_stain,Mus musculus,NCBITaxon,NCBITaxon_10090,Early mouse embryo,B6C3F1 females x B6D2F1 males,early 4-cell,Immunofluoresence,embryo49_stain,embryo49_stain.ims,in_situ_genome_sequencing/embryo/embryo49,,raw,Channel 1: Lamin-B; Channel 2: CENP-A;  Channel 3: DAPI; Channel 4: N/A,embryo49_stain_data_table.csv
Embryo_50,embryo50_stain,Mus musculus,NCBITaxon,NCBITaxon_10090,Early mouse embryo,B6C3F1 females x B6D2F1 males,early 4-cell,Immunofluoresence,embryo50_stain,embryo50_stain.ims,in_situ_genome_sequencing/embryo/embryo50,,raw,Channel 1: Lamin-B; Channel 2: CENP-A;  Channel 3: DAPI; Channel 4: N/A,embryo50_stain_data_table.csv
Embryo_51,embryo51_stain,Mus musculus,NCBITaxon,NCBITaxon_10090,Early mouse embryo,B6C3F1 females x B6D2F1 males,early 4-cell,Immunofluoresence,embryo51_stain,embryo51_stain.ims,in_situ_genome_sequencing/embryo/embryo51,,raw,Channel 1: Lamin-B; Channel 2: CENP-A;  Channel 3: DAPI; Channel 4: N/A,embryo51_stain_data_table.csv
Embryo_52,embryo52_stain,Mus musculus,NCBITaxon,NCBITaxon_10090,Early mouse embryo,B6C3F1 females x B6D2F1 males,early 4-cell,Immunofluoresence,embryo52_stain,embryo52_stain.ims,in_situ_genome_sequencing/embryo/embryo52,,raw,Channel 1: Lamin-B; Channel 2: CENP-A;  Channel 3: DAPI; Channel 4: N/A,embryo52_stain_data_table.csv
Embryo_53,embryo53_stain,Mus musculus,NCBITaxon,NCBITaxon_10090,Early mouse embryo,B6C3F1 females x B6D2F1 males,early 4-cell,Immunofluoresence,embryo53_stain,embryo53_stain.ims,in_situ_genome_sequencing/embryo/embryo53,,raw,Channel 1: Lamin-B; Channel 2: CENP-A;  Channel 3: DAPI; Channel 4: N/A,embryo53_stain_data_table.csv
Embryo_54,embryo54_stain,Mus musculus,NCBITaxon,NCBITaxon_10090,Early mouse embryo,B6C3F1 females x B6D2F1 males,early 4-cell,Immunofluoresence,embryo54_stain,embryo54_stain.ims,in_situ_genome_sequencing/embryo/embryo54,,raw,Channel 1: Lamin-B; Channel 2: CENP-A;  Channel 3: DAPI; Channel 4: N/A,embryo54_stain_data_table.csv
Embryo_55,embryo55_stain,Mus musculus,NCBITaxon,NCBITaxon_10090,Early mouse embryo,B6C3F1 females x B6D2F1 males,early 4-cell,Immunofluoresence,embryo55_stain,embryo55_stain.ims,in_situ_genome_sequencing/embryo/embryo55,,raw,Channel 1: Lamin-B; Channel 2: CENP-A;  Channel 3: DAPI; Channel 4: N/A,embryo55_stain_data_table.csv
Embryo_56,embryo56_stain,Mus musculus,NCBITaxon,NCBITaxon_10090,Early mouse embryo,B6C3F1 females x B6D2F1 males,early 4-cell,Immunofluoresence,embryo56_stain,embryo56_stain.ims,in_situ_genome_sequencing/embryo/embryo56,,raw,Channel 1: Lamin-B; Channel 2: CENP-A;  Channel 3: DAPI; Channel 4: N/A,embryo56_stain_data_table.csv
Embryo_57,embryo57_stain,Mus musculus,NCBITaxon,NCBITaxon_10090,Early mouse embryo,B6C3F1 females x B6D2F1 males,early 4-cell,Immunofluoresence,embryo57_stain,embryo57_stain.ims,in_situ_genome_sequencing/embryo/embryo57,,raw,Channel 1: Lamin-B; Channel 2: CENP-A;  Channel 3: DAPI; Channel 4: N/A,embryo57_stain_data_table.csv